g	i	j	k	o	se	Gun1	Gun2	Gun3	Sure	Maliyet	Mumkun
G1	L1	M1	M4	L2	1	4	5	6	3	2890	1
G1	L1	M1	M5	L1	2	4	5	8	5	3738	1
G1	L1	M1	M5	L2	3	4	5	6	3	2890	1
G1	L1	M1	M7	L1	4	4	5	8	5	3593	1
G1	L1	M1	M7	L2	5	4	5	7	4	3019	1
G1	L1	M1	YOK	L1	6	4	4	7	4	3090	1
G1	L1	M1	YOK	L2	7	4	4	5	2	2351	1
G1	L1	M2	M8	L1	8	4	5	8	5	4089	1
G1	L1	M2	M8	L2	9	4	5	10	7	4935	1
G1	L1	M2	YOK	L1	10	4	4	6	3	2893	1
G1	L1	M2	YOK	L2	11	4	4	8	5	3739	1
G1	L1	M3	M4	L2	12	4	5	6	3	2919	1
G1	L1	M3	M5	L1	13	4	5	8	5	3767	1
G1	L1	M3	M5	L2	14	4	5	6	3	2919	1
G1	L1	M3	L2	L2	15	4	5	6	3	2949	1
G1	L1	M3	M7	L1	16	4	5	8	5	3525	1
G1	L1	M3	M7	L2	17	4	5	6	3	2952	1
G1	L1	M3	YOK	L1	18	4	4	6	3	2753	1
G1	L1	M3	YOK	L2	19	4	4	5	2	2380	1
G1	L1	M4	M1	L1	20	4	5	8	5	3738	1
G1	L1	M4	M3	L1	21	4	6	8	5	3767	1
G1	L1	M4	YOK	L2	22	4	4	5	2	2360	1
G1	L1	M5	M1	L1	23	4	5	8	5	3738	1
G1	L1	M5	M3	L1	24	4	6	8	5	3767	1
G1	L1	M5	M7	L1	25	4	5	8	5	3716	1
G1	L1	M5	YOK	L1	26	4	4	7	4	3207	1
G1	L1	M5	YOK	L2	27	4	4	5	2	2360	1
G1	L1	M6	M9	L1	28	7	8	13	7	6481	1
G1	L1	M6	M9	L2	29	7	8	12	6	5698	1
G1	L1	M6	M10	L1	30	7	9	14	8	6681	1
G1	L1	M6	M10	L2	31	7	9	13	7	5898	1
G1	L1	M6	YOK	L1	32	7	7	12	6	5870	1
G1	L1	M6	YOK	L2	33	7	7	11	5	5087	1
G1	L1	L2	M3	L1	34	4	6	8	5	3868	1
G1	L1	L2	YOK	L2	35	4	4	5	2	2401	1
G1	L1	KIRA10	YOK	L1	36	10	10	10	1	-3960	1
G1	L1	KIRA6	YOK	L1	37	6	6	6	1	-2160	1
G1	L1	KIRA8	YOK	L1	38	8	8	8	1	-3024	1
G1	L1	M7	M1	L1	39	4	5	8	5	3593	1
G1	L1	M7	M1	L2	40	4	5	6	3	2854	1
G1	L1	M7	M3	L1	41	4	5	8	5	3525	1
G1	L1	M7	M5	L1	42	4	5	8	5	3716	1
G1	L1	M7	M5	L2	43	4	5	6	3	2868	1
G1	L1	M7	YOK	L1	44	4	4	7	4	2943	1
G1	L1	M7	YOK	L2	45	4	4	5	2	2369	1
G1	L1	M8	M2	L1	46	4	6	8	5	4089	1
G1	L1	M8	M2	L2	47	4	6	10	7	4935	1
G1	L1	M8	YOK	L1	48	4	4	7	4	3311	1
G1	L1	M8	YOK	L2	49	4	4	9	6	4157	1
G1	L1	M9	M6	L1	50	6	8	13	8	6481	1
G1	L1	M9	M6	L2	51	6	8	12	7	5698	1
G1	L1	M9	YOK	L1	52	7	7	12	6	5318	1
G1	L1	M9	YOK	L2	53	7	7	10	4	4536	1
G1	L1	M10	M6	L1	54	7	9	14	8	6681	1
G1	L1	M10	M6	L2	55	7	9	13	7	5898	1
G1	L1	M10	YOK	L1	56	8	8	13	6	5518	1
G1	L1	M10	YOK	L2	57	8	8	11	4	4736	1
G1	L1	YOK	YOK	L1	58	1	1	1	1	280	1
G1	L1	YOK	YOK	L2	59	2	2	2	1	457	1
G1	L2	M1	M4	L2	60	2	4	5	4	2194	1
G1	L2	M1	M5	L2	61	2	4	5	4	2194	1
G1	L2	M1	M7	L1	62	2	4	6	5	2897	1
G1	L2	M1	M7	L2	63	2	4	5	4	2323	1
G1	L2	M1	YOK	L1	64	2	2	5	4	2394	1
G1	L2	M1	YOK	L2	65	2	2	4	3	1655	1
G1	L2	M2	M8	L1	66	5	7	10	6	4978	1
G1	L2	M2	M8	L2	67	5	7	12	8	5824	1
G1	L2	M2	YOK	L1	68	5	5	8	4	3782	1
G1	L2	M2	YOK	L2	69	5	5	10	6	4628	1
G1	L2	M3	M4	L2	70	3	4	5	3	2589	1
G1	L2	M3	M5	L2	71	3	4	5	3	2589	1
G1	L2	M3	L1	L1	72	3	5	6	4	2949	1
G1	L2	M3	M7	L2	73	3	4	5	3	2621	1
G1	L2	M3	YOK	L1	74	3	3	5	3	2423	1
G1	L2	M3	YOK	L2	75	3	3	4	2	2050	1
G1	L2	M4	M1	L1	76	2	3	6	5	2933	1
G1	L2	M4	M1	L2	77	2	3	5	4	2194	1
G1	L2	M4	M3	L1	78	2	4	6	5	2962	1
G1	L2	M4	M3	L2	79	2	4	5	4	2589	1
G1	L2	M5	M1	L1	80	2	3	6	5	2933	1
G1	L2	M5	M1	L2	81	2	3	5	4	2194	1
G1	L2	M5	M3	L1	82	2	4	6	5	2962	1
G1	L2	M5	M3	L2	83	2	4	5	4	2589	1
G1	L2	M5	M7	L1	84	2	4	6	5	2911	1
G1	L2	M5	M7	L2	85	2	4	5	4	2338	1
G1	L2	M5	YOK	L1	86	2	2	5	4	2403	1
G1	L2	M5	YOK	L2	87	2	2	3	2	1555	1
G1	L2	M6	M9	L1	88	5	6	12	8	5741	1
G1	L2	M6	M9	L2	89	5	6	10	6	4959	1
G1	L2	M6	M10	L1	90	5	7	13	9	5941	1
G1	L2	M6	M10	L2	91	5	7	11	7	5159	1
G1	L2	M6	YOK	L1	92	5	5	11	7	5130	1
G1	L2	M6	YOK	L2	93	5	5	9	5	4348	1
G1	L2	L1	M3	L2	94	4	7	8	5	3868	1
G1	L2	L1	YOK	L1	95	4	4	5	2	2401	1
G1	L2	KIRA10	YOK	L2	96	10	10	10	1	-3960	1
G1	L2	KIRA6	YOK	L2	97	6	6	6	1	-2160	1
G1	L2	KIRA8	YOK	L2	98	8	8	8	1	-3024	1
G1	L2	M7	M1	L1	99	3	4	7	5	3062	1
G1	L2	M7	M1	L2	100	3	4	5	3	2323	1
G1	L2	M7	M3	L1	101	3	4	6	4	2995	1
G1	L2	M7	M3	L2	102	3	4	5	3	2621	1
G1	L2	M7	M5	L2	103	3	4	5	3	2338	1
G1	L2	M7	YOK	L1	104	3	3	5	3	2412	1
G1	L2	M7	YOK	L2	105	3	3	4	2	1838	1
G1	L2	M8	M2	L1	106	6	8	10	5	4978	1
G1	L2	M8	M2	L2	107	6	8	12	7	5824	1
G1	L2	M8	YOK	L1	108	6	6	9	4	4200	1
G1	L2	M8	YOK	L2	109	6	6	11	6	5046	1
G1	L2	M9	M6	L1	110	5	6	12	8	5741	1
G1	L2	M9	M6	L2	111	5	6	10	6	4959	1
G1	L2	M9	YOK	L1	112	5	5	10	6	4579	1
G1	L2	M9	YOK	L2	113	5	5	8	4	3796	1
G1	L2	M10	M6	L1	114	6	7	13	8	5941	1
G1	L2	M10	M6	L2	115	6	7	11	6	5159	1
G1	L2	M10	YOK	L1	116	6	6	11	6	4779	1
G1	L2	M10	YOK	L2	117	6	6	9	4	3996	1
G1	L2	YOK	YOK	L1	118	2	2	2	1	457	1
G1	L2	YOK	YOK	L2	119	1	1	1	1	280	1
G2	L1	M1	M4	L2	120	4	5	6	3	1835	1
G2	L1	M1	M5	L1	121	4	5	7	4	2337	1
G2	L1	M1	M5	L2	122	4	5	6	3	1835	1
G2	L1	M1	M7	L1	123	4	5	7	4	2254	1
G2	L1	M1	M7	L2	124	4	5	6	3	1979	1
G2	L1	M1	YOK	L1	125	4	4	6	3	1888	1
G2	L1	M1	YOK	L2	126	4	4	5	2	1476	1
G2	L1	M2	M8	L1	127	4	6	9	6	3124	1
G2	L1	M2	M8	L2	128	4	6	10	7	3624	1
G2	L1	M2	YOK	L1	129	4	4	6	3	2177	1
G2	L1	M2	YOK	L2	130	4	4	8	5	2677	1
G2	L1	M3	M4	L2	131	3	5	6	4	1893	1
G2	L1	M3	M5	L1	132	3	5	7	5	2395	1
G2	L1	M3	M5	L2	133	3	5	6	4	1893	1
G2	L1	M3	L2	L2	134	3	5	6	4	1900	1
G2	L1	M3	M7	L1	135	3	5	7	5	2232	1
G2	L1	M3	M7	L2	136	3	5	6	4	1957	1
G2	L1	M3	YOK	L1	137	3	3	5	3	1644	1
G2	L1	M3	YOK	L2	138	3	3	5	3	1535	1
G2	L1	M4	M1	L1	139	4	5	7	4	2337	1
G2	L1	M4	M3	L1	140	4	5	7	4	2395	1
G2	L1	M4	YOK	L2	141	4	4	5	2	1490	1
G2	L1	M5	M1	L1	142	4	5	7	4	2337	1
G2	L1	M5	M3	L1	143	4	5	7	4	2395	1
G2	L1	M5	M7	L1	144	4	5	7	4	2362	1
G2	L1	M5	YOK	L1	145	4	4	6	3	1992	1
G2	L1	M5	YOK	L2	146	4	4	5	2	1490	1
G2	L1	M6	M9	L1	147	6	7	12	7	4177	1
G2	L1	M6	M9	L2	148	6	7	10	5	3729	1
G2	L1	M6	M10	L1	149	6	8	13	8	4377	1
G2	L1	M6	M10	L2	150	6	8	11	6	3929	1
G2	L1	M6	YOK	L1	151	6	6	11	6	3738	1
G2	L1	M6	YOK	L2	152	6	6	9	4	3290	1
G2	L1	L2	M3	L1	153	4	5	7	4	2460	1
G2	L1	L2	YOK	L2	154	4	4	5	2	1506	1
G2	L1	KIRA10	YOK	L1	155	10	10	10	1	-2420	1
G2	L1	KIRA6	YOK	L1	156	6	6	6	1	-1320	1
G2	L1	KIRA8	YOK	L1	157	8	8	8	1	-1848	1
G2	L1	M7	M1	L1	158	3	5	7	5	2254	1
G2	L1	M7	M1	L2	159	3	5	6	4	1843	1
G2	L1	M7	M3	L1	160	3	5	7	5	2232	1
G2	L1	M7	M5	L1	161	3	5	7	5	2362	1
G2	L1	M7	M5	L2	162	3	5	6	4	1860	1
G2	L1	M7	YOK	L1	163	4	4	6	3	1810	1
G2	L1	M7	YOK	L2	164	4	4	5	2	1535	1
G2	L1	M8	M2	L1	165	4	6	9	6	3124	1
G2	L1	M8	M2	L2	166	4	6	10	7	3624	1
G2	L1	M8	YOK	L1	167	4	4	8	5	2520	1
G2	L1	M8	YOK	L2	168	4	4	9	6	3020	1
G2	L1	M9	M6	L1	169	6	7	12	7	4177	1
G2	L1	M9	M6	L2	170	6	7	10	5	3729	1
G2	L1	M9	YOK	L1	171	6	6	10	5	3359	1
G2	L1	M9	YOK	L2	172	6	6	9	4	2911	1
G2	L1	M10	M6	L1	173	7	8	13	7	4377	1
G2	L1	M10	M6	L2	174	7	8	11	5	3929	1
G2	L1	M10	YOK	L1	175	7	7	11	5	3559	1
G2	L1	M10	YOK	L2	176	7	7	10	4	3111	1
G2	L1	YOK	YOK	L1	177	1	1	1	1	220	1
G2	L1	YOK	YOK	L2	178	2	2	2	1	458	1
G2	L2	M1	M4	L2	179	2	4	5	4	1445	1
G2	L2	M1	M5	L2	180	2	4	5	4	1445	1
G2	L2	M1	M7	L1	181	2	4	6	5	1864	1
G2	L2	M1	M7	L2	182	2	4	5	4	1589	1
G2	L2	M1	YOK	L1	183	3	3	5	3	1498	1
G2	L2	M1	YOK	L2	184	3	3	4	2	1086	1
G2	L2	M2	M8	L1	185	5	7	10	6	3645	1
G2	L2	M2	M8	L2	186	5	7	12	8	4145	1
G2	L2	M2	YOK	L1	187	5	5	8	4	2698	1
G2	L2	M2	YOK	L2	188	5	5	9	5	3198	1
G2	L2	M3	M4	L2	189	3	4	6	4	1805	1
G2	L2	M3	M5	L2	190	3	4	6	4	1805	1
G2	L2	M3	L1	L1	191	3	5	6	4	1900	1
G2	L2	M3	M7	L2	192	3	4	6	4	1869	1
G2	L2	M3	YOK	L1	193	3	3	5	3	1556	1
G2	L2	M3	YOK	L2	194	3	3	5	3	1446	1
G2	L2	M4	M1	L1	195	2	3	6	5	1857	1
G2	L2	M4	M1	L2	196	2	3	5	4	1445	1
G2	L2	M4	M3	L1	197	2	4	6	5	1915	1
G2	L2	M4	M3	L2	198	2	4	6	5	1805	1
G2	L2	M4	YOK	L2	199	2	2	3	2	1010	1
G2	L2	M5	M1	L1	200	2	3	6	5	1857	1
G2	L2	M5	M1	L2	201	2	3	5	4	1445	1
G2	L2	M5	M3	L1	202	2	4	6	5	1915	1
G2	L2	M5	M3	L2	203	2	4	6	5	1805	1
G2	L2	M5	M7	L1	204	2	4	6	5	1882	1
G2	L2	M5	M7	L2	205	2	4	5	4	1607	1
G2	L2	M5	YOK	L1	206	2	2	5	4	1512	1
G2	L2	M5	YOK	L2	207	2	2	3	2	1010	1
G2	L2	M6	M9	L1	208	5	6	10	6	3750	1
G2	L2	M6	M9	L2	209	5	6	9	5	3303	1
G2	L2	M6	M10	L1	210	5	7	11	7	3950	1
G2	L2	M6	M10	L2	211	5	7	10	6	3503	1
G2	L2	M6	YOK	L1	212	5	5	9	5	3311	1
G2	L2	M6	YOK	L2	213	5	5	8	4	2864	1
G2	L2	L1	M3	L2	214	4	6	7	4	2460	1
G2	L2	L1	YOK	L1	215	4	4	5	2	1506	1
G2	L2	KIRA10	YOK	L2	216	10	10	10	1	-2420	1
G2	L2	KIRA6	YOK	L2	217	6	6	6	1	-1320	1
G2	L2	KIRA8	YOK	L2	218	8	8	8	1	-1848	1
G2	L2	M7	M1	L1	219	3	4	6	4	2001	1
G2	L2	M7	M1	L2	220	3	4	5	3	1589	1
G2	L2	M7	M3	L1	221	3	4	6	4	1979	1
G2	L2	M7	M3	L2	222	3	4	6	4	1869	1
G2	L2	M7	M5	L2	223	3	4	5	3	1607	1
G2	L2	M7	YOK	L1	224	3	3	5	3	1556	1
G2	L2	M7	YOK	L2	225	3	3	4	2	1281	1
G2	L2	M8	M2	L1	226	6	8	10	5	3645	1
G2	L2	M8	M2	L2	227	6	8	12	7	4145	1
G2	L2	M8	YOK	L1	228	6	6	9	4	3042	1
G2	L2	M8	YOK	L2	229	6	6	10	5	3542	1
G2	L2	M9	M6	L1	230	4	6	10	7	3750	1
G2	L2	M9	M6	L2	231	4	6	9	6	3303	1
G2	L2	M9	YOK	L1	232	4	4	9	6	2933	1
G2	L2	M9	YOK	L2	233	4	4	8	5	2485	1
G2	L2	M10	M6	L1	234	5	7	11	7	3950	1
G2	L2	M10	M6	L2	235	5	7	10	6	3503	1
G2	L2	M10	YOK	L1	236	5	5	10	6	3133	1
G2	L2	M10	YOK	L2	237	5	5	9	5	2685	1
G2	L2	YOK	YOK	L1	238	2	2	2	1	458	1
G2	L2	YOK	YOK	L2	239	1	1	1	1	220	1
G3	L1	M1	M4	L2	240	4	5	6	3	2890	1
G3	L1	M1	M5	L1	241	4	5	8	5	3738	1
G3	L1	M1	M5	L2	242	4	5	6	3	2890	1
G3	L1	M1	M7	L1	243	4	5	8	5	3593	1
G3	L1	M1	M7	L2	244	4	5	7	4	3019	1
G3	L1	M1	YOK	L1	245	4	4	7	4	3090	1
G3	L1	M1	YOK	L2	246	4	4	5	2	2351	1
G3	L1	M2	M8	L1	247	4	5	8	5	4089	1
G3	L1	M2	M8	L2	248	4	5	10	7	4935	1
G3	L1	M2	YOK	L1	249	4	4	6	3	2893	1
G3	L1	M2	YOK	L2	250	4	4	8	5	3739	1
G3	L1	M3	M4	L2	251	4	5	6	3	2919	1
G3	L1	M3	M5	L1	252	4	5	8	5	3767	1
G3	L1	M3	M5	L2	253	4	5	6	3	2919	1
G3	L1	M3	L2	L2	254	4	5	6	3	2949	1
G3	L1	M3	M7	L1	255	4	5	8	5	3525	1
G3	L1	M3	M7	L2	256	4	5	6	3	2952	1
G3	L1	M3	YOK	L1	257	4	4	6	3	2753	1
G3	L1	M3	YOK	L2	258	4	4	5	2	2380	1
G3	L1	M4	M1	L1	259	4	5	8	5	3738	1
G3	L1	M4	M3	L1	260	4	6	8	5	3767	1
G3	L1	M4	YOK	L2	261	4	4	5	2	2360	1
G3	L1	M5	M1	L1	262	4	5	8	5	3738	1
G3	L1	M5	M3	L1	263	4	6	8	5	3767	1
G3	L1	M5	M7	L1	264	4	5	8	5	3716	1
G3	L1	M5	YOK	L1	265	4	4	7	4	3207	1
G3	L1	M5	YOK	L2	266	4	4	5	2	2360	1
G3	L1	M6	M9	L1	267	7	8	13	7	6481	1
G3	L1	M6	M9	L2	268	7	8	12	6	5698	1
G3	L1	M6	M10	L1	269	7	9	14	8	6681	1
G3	L1	M6	M10	L2	270	7	9	13	7	5898	1
G3	L1	M6	YOK	L1	271	7	7	12	6	5870	1
G3	L1	M6	YOK	L2	272	7	7	11	5	5087	1
G3	L1	L2	M3	L1	273	4	6	8	5	3868	1
G3	L1	L2	YOK	L2	274	4	4	5	2	2401	1
G3	L1	KIRA10	YOK	L1	275	10	10	10	1	-3960	1
G3	L1	KIRA6	YOK	L1	276	6	6	6	1	-2160	1
G3	L1	KIRA8	YOK	L1	277	8	8	8	1	-3024	1
G3	L1	M7	M1	L1	278	4	5	8	5	3593	1
G3	L1	M7	M1	L2	279	4	5	6	3	2854	1
G3	L1	M7	M3	L1	280	4	5	8	5	3525	1
G3	L1	M7	M5	L1	281	4	5	8	5	3716	1
G3	L1	M7	M5	L2	282	4	5	6	3	2868	1
G3	L1	M7	YOK	L1	283	4	4	7	4	2943	1
G3	L1	M7	YOK	L2	284	4	4	5	2	2369	1
G3	L1	M8	M2	L1	285	4	6	8	5	4089	1
G3	L1	M8	M2	L2	286	4	6	10	7	4935	1
G3	L1	M8	YOK	L1	287	4	4	7	4	3311	1
G3	L1	M8	YOK	L2	288	4	4	9	6	4157	1
G3	L1	M9	M6	L1	289	6	8	13	8	6481	1
G3	L1	M9	M6	L2	290	6	8	12	7	5698	1
G3	L1	M9	YOK	L1	291	7	7	12	6	5318	1
G3	L1	M9	YOK	L2	292	7	7	10	4	4536	1
G3	L1	M10	M6	L1	293	7	9	14	8	6681	1
G3	L1	M10	M6	L2	294	7	9	13	7	5898	1
G3	L1	M10	YOK	L1	295	8	8	13	6	5518	1
G3	L1	M10	YOK	L2	296	8	8	11	4	4736	1
G3	L1	YOK	YOK	L1	297	1	1	1	1	280	1
G3	L1	YOK	YOK	L2	298	2	2	2	1	457	1
G3	L2	M1	M4	L2	299	2	4	5	4	2194	1
G3	L2	M1	M5	L2	300	2	4	5	4	2194	1
G3	L2	M1	M7	L1	301	2	4	6	5	2897	1
G3	L2	M1	M7	L2	302	2	4	5	4	2323	1
G3	L2	M1	YOK	L1	303	2	2	5	4	2394	1
G3	L2	M1	YOK	L2	304	2	2	4	3	1655	1
G3	L2	M2	M8	L1	305	5	7	10	6	4978	1
G3	L2	M2	M8	L2	306	5	7	12	8	5824	1
G3	L2	M2	YOK	L1	307	5	5	8	4	3782	1
G3	L2	M2	YOK	L2	308	5	5	10	6	4628	1
G3	L2	M3	M4	L2	309	3	4	5	3	2589	1
G3	L2	M3	M5	L2	310	3	4	5	3	2589	1
G3	L2	M3	L1	L1	311	3	5	6	4	2949	1
G3	L2	M3	M7	L2	312	3	4	5	3	2621	1
G3	L2	M3	YOK	L1	313	3	3	5	3	2423	1
G3	L2	M3	YOK	L2	314	3	3	4	2	2050	1
G3	L2	M4	M1	L1	315	2	3	6	5	2933	1
G3	L2	M4	M1	L2	316	2	3	5	4	2194	1
G3	L2	M4	M3	L1	317	2	4	6	5	2962	1
G3	L2	M4	M3	L2	318	2	4	5	4	2589	1
G3	L2	M5	M1	L1	319	2	3	6	5	2933	1
G3	L2	M5	M1	L2	320	2	3	5	4	2194	1
G3	L2	M5	M3	L1	321	2	4	6	5	2962	1
G3	L2	M5	M3	L2	322	2	4	5	4	2589	1
G3	L2	M5	M7	L1	323	2	4	6	5	2911	1
G3	L2	M5	M7	L2	324	2	4	5	4	2338	1
G3	L2	M5	YOK	L1	325	2	2	5	4	2403	1
G3	L2	M5	YOK	L2	326	2	2	3	2	1555	1
G3	L2	M6	M9	L1	327	5	6	12	8	5741	1
G3	L2	M6	M9	L2	328	5	6	10	6	4959	1
G3	L2	M6	M10	L1	329	5	7	13	9	5941	1
G3	L2	M6	M10	L2	330	5	7	11	7	5159	1
G3	L2	M6	YOK	L1	331	5	5	11	7	5130	1
G3	L2	M6	YOK	L2	332	5	5	9	5	4348	1
G3	L2	L1	M3	L2	333	4	7	8	5	3868	1
G3	L2	L1	YOK	L1	334	4	4	5	2	2401	1
G3	L2	KIRA10	YOK	L2	335	10	10	10	1	-3960	1
G3	L2	KIRA6	YOK	L2	336	6	6	6	1	-2160	1
G3	L2	KIRA8	YOK	L2	337	8	8	8	1	-3024	1
G3	L2	M7	M1	L1	338	3	4	7	5	3062	1
G3	L2	M7	M1	L2	339	3	4	5	3	2323	1
G3	L2	M7	M3	L1	340	3	4	6	4	2995	1
G3	L2	M7	M3	L2	341	3	4	5	3	2621	1
G3	L2	M7	M5	L2	342	3	4	5	3	2338	1
G3	L2	M7	YOK	L1	343	3	3	5	3	2412	1
G3	L2	M7	YOK	L2	344	3	3	4	2	1838	1
G3	L2	M8	M2	L1	345	6	8	10	5	4978	1
G3	L2	M8	M2	L2	346	6	8	12	7	5824	1
G3	L2	M8	YOK	L1	347	6	6	9	4	4200	1
G3	L2	M8	YOK	L2	348	6	6	11	6	5046	1
G3	L2	M9	M6	L1	349	5	6	12	8	5741	1
G3	L2	M9	M6	L2	350	5	6	10	6	4959	1
G3	L2	M9	YOK	L1	351	5	5	10	6	4579	1
G3	L2	M9	YOK	L2	352	5	5	8	4	3796	1
G3	L2	M10	M6	L1	353	6	7	13	8	5941	1
G3	L2	M10	M6	L2	354	6	7	11	6	5159	1
G3	L2	M10	YOK	L1	355	6	6	11	6	4779	1
G3	L2	M10	YOK	L2	356	6	6	9	4	3996	1
G3	L2	YOK	YOK	L1	357	2	2	2	1	457	1
G3	L2	YOK	YOK	L2	358	1	1	1	1	280	1
G4	L1	L2	M11	L1	359	3	5	8	6	8922	1
G4	L1	L2	M11	L2	360	3	5	7	5	7572	1
G4	L1	L2	YOK	L1	361	3	3	5	3	4586	1
G4	L1	L2	YOK	L2	362	3	3	3	1	3175	1
G4	L1	M7	YOK	L1	363	3	3	6	4	5348	0
G4	L1	M7	YOK	L2	364	3	3	5	3	3970	0
G4	L1	YOK	YOK	L1	365	1	1	1	1	520	1
G4	L2	M11	YOK	L1	366	3	3	6	4	6632	1
G4	L2	M11	YOK	L2	367	3	3	5	3	4889	1
G4	L2	L1	YOK	L1	368	3	3	3	1	3175	1
G4	L2	L1	YOK	L2	369	3	3	5	3	4586	1
G4	L2	M7	L1	L2	370	2	5	7	6	6105	0
G4	L2	M7	M11	L1	371	2	5	8	7	7981	0
G4	L2	M7	M11	L2	372	2	5	7	6	6607	0
G4	L2	M7	YOK	L1	373	2	2	5	4	4420	0
G4	L2	M7	YOK	L2	374	2	2	4	3	2233	0
G4	L2	YOK	YOK	L2	375	1	1	1	1	520	1
G5	L1	M1	M4	L2	376	4	5	6	3	2078	1
G5	L1	M1	M5	L1	377	4	5	7	4	2642	1
G5	L1	M1	M5	L2	378	4	5	6	3	2078	1
G5	L1	M1	M7	L1	379	4	5	7	4	2546	1
G5	L1	M1	M7	L2	380	4	5	6	3	2236	1
G5	L1	M1	YOK	L1	381	4	4	6	3	2138	1
G5	L1	M1	YOK	L2	382	4	4	5	2	1675	1
G5	L1	M2	M8	L1	383	4	6	9	6	3488	1
G5	L1	M2	M8	L2	384	4	6	10	7	4050	1
G5	L1	M2	YOK	L1	385	4	4	6	3	2431	1
G5	L1	M2	YOK	L2	386	4	4	8	5	2993	1
G5	L1	M3	M4	L2	387	3	5	6	4	2138	1
G5	L1	M3	M5	L1	388	3	5	7	5	2701	1
G5	L1	M3	M5	L2	389	3	5	6	4	2138	1
G5	L1	M3	L2	L2	390	3	5	6	4	2143	1
G5	L1	M3	M7	L1	391	3	5	7	5	2517	1
G5	L1	M3	M7	L2	392	3	5	6	4	2206	1
G5	L1	M3	YOK	L1	393	3	3	5	3	1860	1
G5	L1	M3	YOK	L2	394	3	3	5	3	1735	1
G5	L1	M4	M1	L1	395	4	5	7	4	2642	1
G5	L1	M4	M3	L1	396	4	5	7	4	2701	1
G5	L1	M4	YOK	L2	397	4	4	5	2	1688	1
G5	L1	M5	M1	L1	398	4	5	7	4	2642	1
G5	L1	M5	M3	L1	399	4	5	7	4	2701	1
G5	L1	M5	M7	L1	400	4	5	7	4	2664	1
G5	L1	M5	YOK	L1	401	4	4	6	3	2252	1
G5	L1	M5	YOK	L2	402	4	4	5	2	1688	1
G5	L1	M6	M9	L1	403	6	7	12	7	4673	1
G5	L1	M6	M9	L2	404	6	7	10	5	4170	1
G5	L1	M6	M10	L1	405	6	8	13	8	4873	1
G5	L1	M6	M10	L2	406	6	8	11	6	4370	1
G5	L1	M6	YOK	L1	407	6	6	11	6	4185	1
G5	L1	M6	YOK	L2	408	6	6	9	4	3682	1
G5	L1	L2	M3	L1	409	4	5	7	4	2773	1
G5	L1	L2	YOK	L2	410	4	4	5	2	1704	1
G5	L1	KIRA10	YOK	L1	411	10	10	10	1	-2860	1
G5	L1	KIRA6	YOK	L1	412	6	6	6	1	-1560	1
G5	L1	KIRA8	YOK	L1	413	8	8	8	1	-2184	1
G5	L1	M7	M1	L1	414	3	5	7	5	2546	1
G5	L1	M7	M1	L2	415	3	5	6	4	2083	1
G5	L1	M7	M3	L1	416	3	5	7	5	2517	1
G5	L1	M7	M5	L1	417	3	5	7	5	2664	1
G5	L1	M7	M5	L2	418	3	5	6	4	2101	1
G5	L1	M7	YOK	L1	419	4	4	6	3	2045	1
G5	L1	M7	YOK	L2	420	4	4	5	2	1735	1
G5	L1	M8	M2	L1	421	4	6	9	6	3488	1
G5	L1	M8	M2	L2	422	4	6	10	7	4050	1
G5	L1	M8	YOK	L1	423	4	4	8	5	2834	1
G5	L1	M8	YOK	L2	424	4	4	9	6	3396	1
G5	L1	M9	M6	L1	425	6	7	12	7	4673	1
G5	L1	M9	M6	L2	426	6	7	10	5	4170	1
G5	L1	M9	YOK	L1	427	6	6	10	5	3782	1
G5	L1	M9	YOK	L2	428	6	6	9	4	3278	1
G5	L1	M10	M6	L1	429	7	8	13	7	4873	1
G5	L1	M10	M6	L2	430	7	8	11	5	4370	1
G5	L1	M10	YOK	L1	431	7	7	11	5	3982	1
G5	L1	M10	YOK	L2	432	7	7	10	4	3478	1
G5	L1	YOK	YOK	L1	433	1	1	1	1	220	1
G5	L1	YOK	YOK	L2	434	2	2	2	1	458	1
G5	L2	M1	M4	L2	435	2	4	5	4	1636	1
G5	L2	M1	M5	L2	436	2	4	5	4	1636	1
G5	L2	M1	M7	L1	437	2	4	6	5	2104	1
G5	L2	M1	M7	L2	438	2	4	5	4	1794	1
G5	L2	M1	YOK	L1	439	3	3	5	3	1696	1
G5	L2	M1	YOK	L2	440	3	3	4	2	1233	1
G5	L2	M2	M8	L1	441	5	7	10	6	4072	1
G5	L2	M2	M8	L2	442	5	7	12	8	4634	1
G5	L2	M2	YOK	L1	443	5	5	8	4	3014	1
G5	L2	M2	YOK	L2	444	5	5	9	5	3576	1
G5	L2	M3	M4	L2	445	3	4	6	4	2034	1
G5	L2	M3	M5	L2	446	3	4	6	4	2034	1
G5	L2	M3	L1	L1	447	3	5	6	4	2143	1
G5	L2	M3	M7	L2	448	3	4	6	4	2102	1
G5	L2	M3	YOK	L1	449	3	3	5	3	1756	1
G5	L2	M3	YOK	L2	450	3	3	5	3	1631	1
G5	L2	M4	M1	L1	451	2	3	6	5	2100	1
G5	L2	M4	M1	L2	452	2	3	5	4	1636	1
G5	L2	M4	M3	L1	453	2	4	6	5	2159	1
G5	L2	M4	M3	L2	454	2	4	6	5	2034	1
G5	L2	M4	YOK	L2	455	2	2	3	2	1146	1
G5	L2	M5	M1	L1	456	2	3	6	5	2100	1
G5	L2	M5	M1	L2	457	2	3	5	4	1636	1
G5	L2	M5	M3	L1	458	2	4	6	5	2159	1
G5	L2	M5	M3	L2	459	2	4	6	5	2034	1
G5	L2	M5	M7	L1	460	2	4	6	5	2122	1
G5	L2	M5	M7	L2	461	2	4	5	4	1812	1
G5	L2	M5	YOK	L1	462	2	2	5	4	1710	1
G5	L2	M5	YOK	L2	463	2	2	3	2	1146	1
G5	L2	M6	M9	L1	464	5	6	10	6	4191	1
G5	L2	M6	M9	L2	465	5	6	9	5	3688	1
G5	L2	M6	M10	L1	466	5	7	11	7	4391	1
G5	L2	M6	M10	L2	467	5	7	10	6	3888	1
G5	L2	M6	YOK	L1	468	5	5	9	5	3703	1
G5	L2	M6	YOK	L2	469	5	5	8	4	3200	1
G5	L2	L1	M3	L2	470	4	6	7	4	2773	1
G5	L2	L1	YOK	L1	471	4	4	5	2	1704	1
G5	L2	KIRA10	YOK	L2	472	10	10	10	1	-2860	1
G5	L2	KIRA6	YOK	L2	473	6	6	6	1	-1560	1
G5	L2	KIRA8	YOK	L2	474	8	8	8	1	-2184	1
G5	L2	M7	M1	L1	475	3	4	6	4	2257	1
G5	L2	M7	M1	L2	476	3	4	5	3	1794	1
G5	L2	M7	M3	L1	477	3	4	6	4	2228	1
G5	L2	M7	M3	L2	478	3	4	6	4	2102	1
G5	L2	M7	M5	L2	479	3	4	5	3	1812	1
G5	L2	M7	YOK	L1	480	3	3	5	3	1756	1
G5	L2	M7	YOK	L2	481	3	3	4	2	1446	1
G5	L2	M8	M2	L1	482	6	8	10	5	4072	1
G5	L2	M8	M2	L2	483	6	8	12	7	4634	1
G5	L2	M8	YOK	L1	484	6	6	9	4	3418	1
G5	L2	M8	YOK	L2	485	6	6	10	5	3979	1
G5	L2	M9	M6	L1	486	4	6	10	7	4191	1
G5	L2	M9	M6	L2	487	4	6	9	6	3688	1
G5	L2	M9	YOK	L1	488	4	4	9	6	3300	1
G5	L2	M9	YOK	L2	489	4	4	8	5	2796	1
G5	L2	M10	M6	L1	490	5	7	11	7	4391	1
G5	L2	M10	M6	L2	491	5	7	10	6	3888	1
G5	L2	M10	YOK	L1	492	5	5	10	6	3500	1
G5	L2	M10	YOK	L2	493	5	5	9	5	2996	1
G5	L2	YOK	YOK	L1	494	2	2	2	1	458	1
G5	L2	YOK	YOK	L2	495	1	1	1	1	220	1
G9	L1	M1	M5	L1	496	4	5	7	4	2642	1
G9	L1	M1	M5	L2	497	4	5	6	3	2078	1
G9	L1	M1	M7	L1	498	4	5	7	4	2546	1
G9	L1	M1	M7	L2	499	4	5	6	3	2236	1
G9	L1	M1	YOK	L1	500	4	4	6	3	2138	1
G9	L1	M1	YOK	L2	501	4	4	5	2	1675	1
G9	L1	M2	M8	L1	502	4	6	9	6	3488	1
G9	L1	M2	M8	L2	503	4	6	10	7	4050	1
G9	L1	M2	YOK	L1	504	4	4	6	3	2431	1
G9	L1	M2	YOK	L2	505	4	4	8	5	2993	1
G9	L1	M3	M5	L1	506	3	5	7	5	2701	1
G9	L1	M3	M5	L2	507	3	5	6	4	2138	1
G9	L1	M3	L2	L2	508	3	5	6	4	2143	1
G9	L1	M3	M7	L1	509	3	5	7	5	2517	1
G9	L1	M3	M7	L2	510	3	5	6	4	2206	1
G9	L1	M3	YOK	L1	511	3	3	5	3	1860	1
G9	L1	M3	YOK	L2	512	3	3	5	3	1735	1
G9	L1	M4	YOK	L2	513	4	4	5	2	1688	1
G9	L1	M5	M1	L1	514	4	5	7	4	2642	1
G9	L1	M5	M3	L1	515	4	5	7	4	2701	1
G9	L1	M5	M7	L1	516	4	5	7	4	2664	1
G9	L1	M5	YOK	L1	517	4	4	6	3	2252	1
G9	L1	M5	YOK	L2	518	4	4	5	2	1688	1
G9	L1	M6	M9	L1	519	6	7	12	7	4673	1
G9	L1	M6	M9	L2	520	6	7	10	5	4170	1
G9	L1	M6	M10	L1	521	6	8	13	8	4873	1
G9	L1	M6	M10	L2	522	6	8	11	6	4370	1
G9	L1	M6	YOK	L1	523	6	6	11	6	4185	1
G9	L1	M6	YOK	L2	524	6	6	9	4	3682	1
G9	L1	L2	M3	L1	525	4	5	7	4	2773	1
G9	L1	L2	YOK	L2	526	4	4	5	2	1704	1
G9	L1	KIRA10	YOK	L1	527	10	10	10	1	-2860	1
G9	L1	KIRA6	YOK	L1	528	6	6	6	1	-1560	1
G9	L1	KIRA8	YOK	L1	529	8	8	8	1	-2184	1
G9	L1	M7	M1	L1	530	3	5	7	5	2546	1
G9	L1	M7	M1	L2	531	3	5	6	4	2083	1
G9	L1	M7	M3	L1	532	3	5	7	5	2517	1
G9	L1	M7	M5	L1	533	3	5	7	5	2664	1
G9	L1	M7	M5	L2	534	3	5	6	4	2101	1
G9	L1	M7	YOK	L1	535	4	4	6	3	2045	1
G9	L1	M7	YOK	L2	536	4	4	5	2	1735	1
G9	L1	M8	M2	L1	537	4	6	9	6	3488	1
G9	L1	M8	M2	L2	538	4	6	10	7	4050	1
G9	L1	M8	YOK	L1	539	4	4	8	5	2834	1
G9	L1	M8	YOK	L2	540	4	4	9	6	3396	1
G9	L1	M9	M6	L1	541	6	7	12	7	4673	1
G9	L1	M9	M6	L2	542	6	7	10	5	4170	1
G9	L1	M9	YOK	L1	543	6	6	10	5	3782	1
G9	L1	M9	YOK	L2	544	6	6	9	4	3278	1
G9	L1	M10	M6	L1	545	7	8	13	7	4873	1
G9	L1	M10	M6	L2	546	7	8	11	5	4370	1
G9	L1	M10	YOK	L1	547	7	7	11	5	3982	1
G9	L1	M10	YOK	L2	548	7	7	10	4	3478	1
G9	L1	YOK	YOK	L1	549	1	1	1	1	220	1
G9	L1	YOK	YOK	L2	550	2	2	2	1	915	1
G9	L2	M1	M5	L2	551	2	4	5	4	1636	1
G9	L2	M1	M7	L1	552	2	4	6	5	2104	1
G9	L2	M1	M7	L2	553	2	4	5	4	1794	1
G9	L2	M1	YOK	L1	554	3	3	5	3	1696	1
G9	L2	M1	YOK	L2	555	3	3	4	2	1233	1
G9	L2	M2	M8	L1	556	5	7	10	6	4072	1
G9	L2	M2	M8	L2	557	5	7	12	8	4634	1
G9	L2	M2	YOK	L1	558	5	5	8	4	3014	1
G9	L2	M2	YOK	L2	559	5	5	9	5	3576	1
G9	L2	M3	M5	L2	560	3	4	6	4	2034	1
G9	L2	M3	L1	L1	561	3	5	6	4	2143	1
G9	L2	M3	M7	L2	562	3	4	6	4	2102	1
G9	L2	M3	YOK	L1	563	3	3	5	3	1756	1
G9	L2	M3	YOK	L2	564	3	3	5	3	1631	1
G9	L2	M4	YOK	L2	565	2	2	3	2	1146	1
G9	L2	M5	M1	L1	566	2	3	6	5	2100	1
G9	L2	M5	M1	L2	567	2	3	5	4	1636	1
G9	L2	M5	M3	L1	568	2	4	6	5	2159	1
G9	L2	M5	M3	L2	569	2	4	6	5	2034	1
G9	L2	M5	M7	L1	570	2	4	6	5	2122	1
G9	L2	M5	M7	L2	571	2	4	5	4	1812	1
G9	L2	M5	YOK	L1	572	2	2	5	4	1710	1
G9	L2	M5	YOK	L2	573	2	2	3	2	1146	1
G9	L2	M6	M9	L1	574	5	6	10	6	4191	1
G9	L2	M6	M9	L2	575	5	6	9	5	3688	1
G9	L2	M6	M10	L1	576	5	7	11	7	4391	1
G9	L2	M6	M10	L2	577	5	7	10	6	3888	1
G9	L2	M6	YOK	L1	578	5	5	9	5	3703	1
G9	L2	M6	YOK	L2	579	5	5	8	4	3200	1
G9	L2	L1	M3	L2	580	4	6	7	4	2773	1
G9	L2	L1	YOK	L1	581	4	4	5	2	1704	1
G9	L2	KIRA10	YOK	L2	582	10	10	10	1	-2860	1
G9	L2	KIRA6	YOK	L2	583	6	6	6	1	-1560	1
G9	L2	KIRA8	YOK	L2	584	8	8	8	1	-2184	1
G9	L2	M7	M1	L1	585	3	4	6	4	2257	1
G9	L2	M7	M1	L2	586	3	4	5	3	1794	1
G9	L2	M7	M3	L1	587	3	4	6	4	2228	1
G9	L2	M7	M3	L2	588	3	4	6	4	2102	1
G9	L2	M7	M5	L2	589	3	4	5	3	1812	1
G9	L2	M7	YOK	L1	590	3	3	5	3	1756	1
G9	L2	M7	YOK	L2	591	3	3	4	2	1446	1
G9	L2	M8	M2	L1	592	6	8	10	5	4072	1
G9	L2	M8	M2	L2	593	6	8	12	7	4634	1
G9	L2	M8	YOK	L1	594	6	6	9	4	3418	1
G9	L2	M8	YOK	L2	595	6	6	10	5	3979	1
G9	L2	M9	M6	L1	596	4	6	10	7	8382	1
G9	L2	M9	M6	L2	597	4	6	9	6	7376	1
G9	L2	M9	YOK	L1	598	4	4	9	6	6599	1
G9	L2	M9	YOK	L2	599	4	4	8	5	5593	1
G9	L2	M10	M6	L1	600	5	7	11	7	8782	1
G9	L2	M10	M6	L2	601	5	7	10	6	7776	1
G9	L2	M10	YOK	L1	602	5	5	10	6	6999	1
G9	L2	M10	YOK	L2	603	5	5	9	5	5993	1
G9	L2	YOK	YOK	L1	604	2	2	2	1	915	1
G9	L2	YOK	YOK	L2	605	1	1	1	1	220	1
G6	L1	M1	M4	L2	606	4	5	6	3	1531	1
G6	L1	M1	M5	L1	607	4	5	7	4	1984	1
G6	L1	M1	M5	L2	608	4	5	6	3	1531	1
G6	L1	M1	M7	L1	609	4	5	7	4	1902	1
G6	L1	M1	M7	L2	610	4	5	6	3	1661	1
G6	L1	M1	YOK	L1	611	4	4	6	3	1621	1
G6	L1	M1	YOK	L2	612	4	4	5	2	1252	1
G6	L1	M2	M8	L1	613	4	6	9	6	2667	1
G6	L1	M2	M8	L2	614	4	6	11	8	3119	1
G6	L1	M2	YOK	L1	615	4	4	6	3	1820	1
G6	L1	M2	YOK	L2	616	4	4	8	5	2272	1
G6	L1	M3	M4	L2	617	3	5	6	4	1577	1
G6	L1	M3	M5	L1	618	3	5	8	6	2031	1
G6	L1	M3	M5	L2	619	3	5	6	4	1577	1
G6	L1	M3	L2	L2	620	3	5	6	4	1578	1
G6	L1	M3	M7	L1	621	3	5	7	5	1874	1
G6	L1	M3	M7	L2	622	3	5	6	4	1633	1
G6	L1	M3	YOK	L1	623	3	3	5	3	1384	1
G6	L1	M3	YOK	L2	624	3	3	5	3	1299	1
G6	L1	M4	M1	L1	625	4	5	7	4	1984	1
G6	L1	M4	M3	L1	626	4	5	8	5	2031	1
G6	L1	M4	YOK	L2	627	4	4	5	2	1240	1
G6	L1	M5	M1	L1	628	4	5	7	4	1984	1
G6	L1	M5	M3	L1	629	4	5	8	5	2031	1
G6	L1	M5	M7	L1	630	4	5	7	4	1978	1
G6	L1	M5	YOK	L1	631	4	4	7	4	1693	1
G6	L1	M5	YOK	L2	632	4	4	5	2	1240	1
G6	L1	M6	M9	L1	633	6	8	12	7	3543	1
G6	L1	M6	M9	L2	634	6	8	11	6	3141	1
G6	L1	M6	M10	L1	635	6	9	13	8	3743	1
G6	L1	M6	M10	L2	636	6	9	12	7	3341	1
G6	L1	M6	YOK	L1	637	6	6	11	6	3196	1
G6	L1	M6	YOK	L2	638	6	6	10	5	2793	1
G6	L1	L2	M3	L1	639	4	6	8	5	2087	1
G6	L1	L2	YOK	L2	640	4	4	5	2	1250	1
G6	L1	KIRA10	YOK	L1	641	10	10	10	1	-1870	1
G6	L1	KIRA6	YOK	L1	642	6	6	6	1	-1020	1
G6	L1	KIRA8	YOK	L1	643	8	8	8	1	-1428	1
G6	L1	M7	M1	L1	644	4	5	7	4	1902	1
G6	L1	M7	M1	L2	645	4	5	6	3	1533	1
G6	L1	M7	M3	L1	646	4	5	7	4	1874	1
G6	L1	M7	M5	L1	647	4	5	7	4	1978	1
G6	L1	M7	M5	L2	648	4	5	6	3	1525	1
G6	L1	M7	YOK	L1	649	4	4	6	3	1518	1
G6	L1	M7	YOK	L2	650	4	4	5	2	1277	1
G6	L1	M8	M2	L1	651	5	7	9	5	2667	1
G6	L1	M8	M2	L2	652	5	7	11	7	3119	1
G6	L1	M8	YOK	L1	653	5	5	8	4	2240	1
G6	L1	M8	YOK	L2	654	5	5	10	6	2692	1
G6	L1	M9	M6	L1	655	6	7	12	7	3543	1
G6	L1	M9	M6	L2	656	6	7	11	6	3141	1
G6	L1	M9	YOK	L1	657	6	6	11	6	2935	1
G6	L1	M9	YOK	L2	658	6	6	9	4	2532	1
G6	L1	M10	M6	L1	659	7	8	13	7	3743	1
G6	L1	M10	M6	L2	660	7	8	12	6	3341	1
G6	L1	M10	YOK	L1	661	7	7	12	6	3135	1
G6	L1	M10	YOK	L2	662	7	7	10	4	2732	1
G6	L1	YOK	YOK	L1	663	1	1	1	1	170	1
G6	L1	YOK	YOK	L2	664	2	2	2	1	448	1
G6	L2	M1	M4	L2	665	2	4	5	4	1162	1
G6	L2	M1	M5	L2	666	2	4	5	4	1162	1
G6	L2	M1	M7	L1	667	2	4	6	5	1533	1
G6	L2	M1	M7	L2	668	2	4	5	4	1292	1
G6	L2	M1	YOK	L1	669	3	3	5	3	1252	1
G6	L2	M1	YOK	L2	670	3	3	4	2	883	1
G6	L2	M2	M8	L1	671	5	7	11	7	3119	1
G6	L2	M2	M8	L2	672	5	7	12	8	3571	1
G6	L2	M2	YOK	L1	673	5	5	8	4	2272	1
G6	L2	M2	YOK	L2	674	5	5	10	6	2724	1
G6	L2	M3	M4	L2	675	3	5	6	4	1492	1
G6	L2	M3	M5	L2	676	3	5	6	4	1492	1
G6	L2	M3	L1	L1	677	3	5	6	4	1578	1
G6	L2	M3	M7	L2	678	3	4	6	4	1547	1
G6	L2	M3	YOK	L1	679	3	3	5	3	1299	1
G6	L2	M3	YOK	L2	680	3	3	5	3	1213	1
G6	L2	M4	M1	L1	681	2	3	6	5	1531	1
G6	L2	M4	M1	L2	682	2	3	5	4	1162	1
G6	L2	M4	M3	L1	683	2	4	6	5	1577	1
G6	L2	M4	M3	L2	684	2	4	6	5	1492	1
G6	L2	M4	YOK	L2	685	2	2	3	2	787	1
G6	L2	M5	M1	L1	686	2	3	6	5	1531	1
G6	L2	M5	M1	L2	687	2	3	5	4	1162	1
G6	L2	M5	M3	L1	688	2	4	6	5	1577	1
G6	L2	M5	M3	L2	689	2	4	6	5	1492	1
G6	L2	M5	M7	L1	690	2	4	6	5	1525	1
G6	L2	M5	M7	L2	691	2	4	5	4	1284	1
G6	L2	M5	YOK	L1	692	2	2	5	4	1240	1
G6	L2	M5	YOK	L2	693	2	2	3	2	787	1
G6	L2	M6	M9	L1	694	5	6	11	7	3141	1
G6	L2	M6	M9	L2	695	5	6	10	6	2738	1
G6	L2	M6	M10	L1	696	5	7	12	8	3341	1
G6	L2	M6	M10	L2	697	5	7	11	7	2938	1
G6	L2	M6	YOK	L1	698	5	5	10	6	2793	1
G6	L2	M6	YOK	L2	699	5	5	8	4	2390	1
G6	L2	L1	M3	L2	700	4	6	8	5	2087	1
G6	L2	L1	YOK	L1	701	4	4	5	2	1250	1
G6	L2	KIRA10	YOK	L2	702	10	10	10	1	-1870	1
G6	L2	KIRA6	YOK	L2	703	6	6	6	1	-1020	1
G6	L2	KIRA8	YOK	L2	704	8	8	8	1	-1428	1
G6	L2	M7	M1	L1	705	3	4	6	4	1661	1
G6	L2	M7	M1	L2	706	3	4	5	3	1292	1
G6	L2	M7	M3	L1	707	3	4	6	4	1633	1
G6	L2	M7	M3	L2	708	3	4	6	4	1547	1
G6	L2	M7	M5	L2	709	3	4	5	3	1284	1
G6	L2	M7	YOK	L1	710	3	3	5	3	1277	1
G6	L2	M7	YOK	L2	711	3	3	4	2	1036	1
G6	L2	M8	M2	L1	712	6	8	11	6	3119	1
G6	L2	M8	M2	L2	713	6	8	12	7	3571	1
G6	L2	M8	YOK	L1	714	6	6	10	5	2692	1
G6	L2	M8	YOK	L2	715	6	6	11	6	3144	1
G6	L2	M9	M6	L1	716	4	6	11	8	3141	1
G6	L2	M9	M6	L2	717	4	6	10	7	2738	1
G6	L2	M9	YOK	L1	718	5	5	9	5	2532	1
G6	L2	M9	YOK	L2	719	5	5	8	4	2130	1
G6	L2	M10	M6	L1	720	5	7	12	8	3341	1
G6	L2	M10	M6	L2	721	5	7	11	7	2938	1
G6	L2	M10	YOK	L1	722	6	6	10	5	2732	1
G6	L2	M10	YOK	L2	723	6	6	9	4	2330	1
G6	L2	YOK	YOK	L1	724	2	2	2	1	448	1
G6	L2	YOK	YOK	L2	725	1	1	1	1	170	1
G7	L1	M1	M4	L2	726	4	5	6	3	1835	1
G7	L1	M1	M5	L1	727	4	5	7	4	2337	1
G7	L1	M1	M5	L2	728	4	5	6	3	1835	1
G7	L1	M1	M7	L1	729	4	5	7	4	2254	1
G7	L1	M1	M7	L2	730	4	5	6	3	1979	1
G7	L1	M1	YOK	L1	731	4	4	6	3	1888	1
G7	L1	M1	YOK	L2	732	4	4	5	2	1476	1
G7	L1	M2	M8	L1	733	4	6	9	6	3124	1
G7	L1	M2	M8	L2	734	4	6	10	7	3624	1
G7	L1	M2	YOK	L1	735	4	4	6	3	2177	1
G7	L1	M2	YOK	L2	736	4	4	8	5	2677	1
G7	L1	M3	M4	L2	737	3	5	6	4	1893	1
G7	L1	M3	M5	L1	738	3	5	7	5	2395	1
G7	L1	M3	M5	L2	739	3	5	6	4	1893	1
G7	L1	M3	L2	L2	740	3	5	6	4	1900	1
G7	L1	M3	M7	L1	741	3	5	7	5	2232	1
G7	L1	M3	M7	L2	742	3	5	6	4	1957	1
G7	L1	M3	YOK	L1	743	3	3	5	3	1644	1
G7	L1	M3	YOK	L2	744	3	3	5	3	1535	1
G7	L1	M4	M1	L1	745	4	5	7	4	2337	1
G7	L1	M4	M3	L1	746	4	5	7	4	2395	1
G7	L1	M4	YOK	L2	747	4	4	5	2	1490	1
G7	L1	M5	M1	L1	748	4	5	7	4	2337	1
G7	L1	M5	M3	L1	749	4	5	7	4	2395	1
G7	L1	M5	M7	L1	750	4	5	7	4	2362	1
G7	L1	M5	YOK	L1	751	4	4	6	3	1992	1
G7	L1	M5	YOK	L2	752	4	4	5	2	1490	1
G7	L1	M6	M9	L1	753	6	7	12	7	4177	1
G7	L1	M6	M9	L2	754	6	7	10	5	3729	1
G7	L1	M6	M10	L1	755	6	8	13	8	4377	1
G7	L1	M6	M10	L2	756	6	8	11	6	3929	1
G7	L1	M6	YOK	L1	757	6	6	11	6	3738	1
G7	L1	M6	YOK	L2	758	6	6	9	4	3290	1
G7	L1	L2	M3	L1	759	4	5	7	4	2460	1
G7	L1	L2	YOK	L2	760	4	4	5	2	1506	1
G7	L1	KIRA10	YOK	L1	761	10	10	10	1	-2420	1
G7	L1	KIRA6	YOK	L1	762	6	6	6	1	-1320	1
G7	L1	KIRA8	YOK	L1	763	8	8	8	1	-1848	1
G7	L1	M7	M1	L1	764	3	5	7	5	2254	1
G7	L1	M7	M1	L2	765	3	5	6	4	1843	1
G7	L1	M7	M3	L1	766	3	5	7	5	2232	1
G7	L1	M7	M5	L1	767	3	5	7	5	2362	1
G7	L1	M7	M5	L2	768	3	5	6	4	1860	1
G7	L1	M7	YOK	L1	769	4	4	6	3	1810	1
G7	L1	M7	YOK	L2	770	4	4	5	2	1535	1
G7	L1	M8	M2	L1	771	4	6	9	6	3124	1
G7	L1	M8	M2	L2	772	4	6	10	7	3624	1
G7	L1	M8	YOK	L1	773	4	4	8	5	2520	1
G7	L1	M8	YOK	L2	774	4	4	9	6	3020	1
G7	L1	M9	M6	L1	775	6	7	12	7	4177	1
G7	L1	M9	M6	L2	776	6	7	10	5	3729	1
G7	L1	M9	YOK	L1	777	6	6	10	5	3359	1
G7	L1	M9	YOK	L2	778	6	6	9	4	2911	1
G7	L1	M10	M6	L1	779	7	8	13	7	4377	1
G7	L1	M10	M6	L2	780	7	8	11	5	3929	1
G7	L1	M10	YOK	L1	781	7	7	11	5	3559	1
G7	L1	M10	YOK	L2	782	7	7	10	4	3111	1
G7	L1	YOK	YOK	L1	783	1	1	1	1	220	1
G7	L1	YOK	YOK	L2	784	2	2	2	1	458	1
G7	L2	M1	M4	L2	785	2	4	5	4	1445	1
G7	L2	M1	M5	L2	786	2	4	5	4	1445	1
G7	L2	M1	M7	L1	787	2	4	6	5	1864	1
G7	L2	M1	M7	L2	788	2	4	5	4	1589	1
G7	L2	M1	YOK	L1	789	3	3	5	3	1498	1
G7	L2	M1	YOK	L2	790	3	3	4	2	1086	1
G7	L2	M2	M8	L1	791	5	7	10	6	3645	1
G7	L2	M2	M8	L2	792	5	7	12	8	4145	1
G7	L2	M2	YOK	L1	793	5	5	8	4	2698	1
G7	L2	M2	YOK	L2	794	5	5	9	5	3198	1
G7	L2	M3	M4	L2	795	3	4	6	4	1805	1
G7	L2	M3	M5	L2	796	3	4	6	4	1805	1
G7	L2	M3	L1	L1	797	3	5	6	4	1900	1
G7	L2	M3	M7	L2	798	3	4	6	4	1869	1
G7	L2	M3	YOK	L1	799	3	3	5	3	1556	1
G7	L2	M3	YOK	L2	800	3	3	5	3	1446	1
G7	L2	M4	M1	L1	801	2	3	6	5	1857	1
G7	L2	M4	M1	L2	802	2	3	5	4	1445	1
G7	L2	M4	M3	L1	803	2	4	6	5	1915	1
G7	L2	M4	M3	L2	804	2	4	6	5	1805	1
G7	L2	M4	YOK	L2	805	2	2	3	2	1010	1
G7	L2	M5	M1	L1	806	2	3	6	5	1857	1
G7	L2	M5	M1	L2	807	2	3	5	4	1445	1
G7	L2	M5	M3	L1	808	2	4	6	5	1915	1
G7	L2	M5	M3	L2	809	2	4	6	5	1805	1
G7	L2	M5	M7	L1	810	2	4	6	5	1882	1
G7	L2	M5	M7	L2	811	2	4	5	4	1607	1
G7	L2	M5	YOK	L1	812	2	2	5	4	1512	1
G7	L2	M5	YOK	L2	813	2	2	3	2	1010	1
G7	L2	M6	M9	L1	814	5	6	10	6	3750	1
G7	L2	M6	M9	L2	815	5	6	9	5	3303	1
G7	L2	M6	M10	L1	816	5	7	11	7	3950	1
G7	L2	M6	M10	L2	817	5	7	10	6	3503	1
G7	L2	M6	YOK	L1	818	5	5	9	5	3311	1
G7	L2	M6	YOK	L2	819	5	5	8	4	2864	1
G7	L2	L1	M3	L2	820	4	6	7	4	2460	1
G7	L2	L1	YOK	L1	821	4	4	5	2	1506	1
G7	L2	KIRA10	YOK	L2	822	10	10	10	1	-2420	1
G7	L2	KIRA6	YOK	L2	823	6	6	6	1	-1320	1
G7	L2	KIRA8	YOK	L2	824	8	8	8	1	-1848	1
G7	L2	M7	M1	L1	825	3	4	6	4	2001	1
G7	L2	M7	M1	L2	826	3	4	5	3	1589	1
G7	L2	M7	M3	L1	827	3	4	6	4	1979	1
G7	L2	M7	M3	L2	828	3	4	6	4	1869	1
G7	L2	M7	M5	L2	829	3	4	5	3	1607	1
G7	L2	M7	YOK	L1	830	3	3	5	3	1556	1
G7	L2	M7	YOK	L2	831	3	3	4	2	1281	1
G7	L2	M8	M2	L1	832	6	8	10	5	3645	1
G7	L2	M8	M2	L2	833	6	8	12	7	4145	1
G7	L2	M8	YOK	L1	834	6	6	9	4	3042	1
G7	L2	M8	YOK	L2	835	6	6	10	5	3542	1
G7	L2	M9	M6	L1	836	4	6	10	7	3750	1
G7	L2	M9	M6	L2	837	4	6	9	6	3303	1
G7	L2	M9	YOK	L1	838	4	4	9	6	2933	1
G7	L2	M9	YOK	L2	839	4	4	8	5	2485	1
G7	L2	M10	M6	L1	840	5	7	11	7	3950	1
G7	L2	M10	M6	L2	841	5	7	10	6	3503	1
G7	L2	M10	YOK	L1	842	5	5	10	6	3133	1
G7	L2	M10	YOK	L2	843	5	5	9	5	2685	1
G7	L2	YOK	YOK	L1	844	2	2	2	1	458	1
G7	L2	YOK	YOK	L2	845	1	1	1	1	220	1
G8	L1	M1	M4	L2	846	4	5	6	3	2078	1
G8	L1	M1	M5	L1	847	4	5	7	4	2642	1
G8	L1	M1	M5	L2	848	4	5	6	3	2078	1
G8	L1	M1	M7	L1	849	4	5	7	4	2546	1
G8	L1	M1	M7	L2	850	4	5	6	3	2236	1
G8	L1	M1	YOK	L1	851	4	4	6	3	2138	1
G8	L1	M1	YOK	L2	852	4	4	5	2	1675	1
G8	L1	M2	M8	L1	853	4	6	9	6	3488	1
G8	L1	M2	M8	L2	854	4	6	10	7	4050	1
G8	L1	M2	YOK	L1	855	4	4	6	3	2431	1
G8	L1	M2	YOK	L2	856	4	4	8	5	2993	1
G8	L1	M3	M4	L2	857	3	5	6	4	2138	1
G8	L1	M3	M5	L1	858	3	5	7	5	2701	1
G8	L1	M3	M5	L2	859	3	5	6	4	2138	1
G8	L1	M3	L2	L2	860	3	5	6	4	2143	1
G8	L1	M3	M7	L1	861	3	5	7	5	2517	1
G8	L1	M3	M7	L2	862	3	5	6	4	2206	1
G8	L1	M3	YOK	L1	863	3	3	5	3	1860	1
G8	L1	M3	YOK	L2	864	3	3	5	3	1735	1
G8	L1	M4	M1	L1	865	4	5	7	4	2642	1
G8	L1	M4	M3	L1	866	4	5	7	4	2701	1
G8	L1	M4	YOK	L2	867	4	4	5	2	1688	1
G8	L1	M5	M1	L1	868	4	5	7	4	2642	1
G8	L1	M5	M3	L1	869	4	5	7	4	2701	1
G8	L1	M5	M7	L1	870	4	5	7	4	2664	1
G8	L1	M5	YOK	L1	871	4	4	6	3	2252	1
G8	L1	M5	YOK	L2	872	4	4	5	2	1688	1
G8	L1	M6	M9	L1	873	6	7	12	7	4673	1
G8	L1	M6	M9	L2	874	6	7	10	5	4170	1
G8	L1	M6	M10	L1	875	6	8	13	8	4873	1
G8	L1	M6	M10	L2	876	6	8	11	6	4370	1
G8	L1	M6	YOK	L1	877	6	6	11	6	4185	1
G8	L1	M6	YOK	L2	878	6	6	9	4	3682	1
G8	L1	L2	M3	L1	879	4	5	7	4	2773	1
G8	L1	L2	YOK	L2	880	4	4	5	2	1704	1
G8	L1	KIRA10	YOK	L1	881	10	10	10	1	-2860	1
G8	L1	KIRA6	YOK	L1	882	6	6	6	1	-1560	1
G8	L1	KIRA8	YOK	L1	883	8	8	8	1	-2184	1
G8	L1	M7	M1	L1	884	3	5	7	5	2546	1
G8	L1	M7	M1	L2	885	3	5	6	4	2083	1
G8	L1	M7	M3	L1	886	3	5	7	5	2517	1
G8	L1	M7	M5	L1	887	3	5	7	5	2664	1
G8	L1	M7	M5	L2	888	3	5	6	4	2101	1
G8	L1	M7	YOK	L1	889	4	4	6	3	2045	1
G8	L1	M7	YOK	L2	890	4	4	5	2	1735	1
G8	L1	M8	M2	L1	891	4	6	9	6	3488	1
G8	L1	M8	M2	L2	892	4	6	10	7	4050	1
G8	L1	M8	YOK	L1	893	4	4	8	5	2834	1
G8	L1	M8	YOK	L2	894	4	4	9	6	3396	1
G8	L1	M9	M6	L1	895	6	7	12	7	4673	1
G8	L1	M9	M6	L2	896	6	7	10	5	4170	1
G8	L1	M9	YOK	L1	897	6	6	10	5	3782	1
G8	L1	M9	YOK	L2	898	6	6	9	4	3278	1
G8	L1	M10	M6	L1	899	7	8	13	7	4873	1
G8	L1	M10	M6	L2	900	7	8	11	5	4370	1
G8	L1	M10	YOK	L1	901	7	7	11	5	3982	1
G8	L1	M10	YOK	L2	902	7	7	10	4	3478	1
G8	L1	YOK	YOK	L1	903	1	1	1	1	220	1
G8	L1	YOK	YOK	L2	904	2	2	2	1	458	1
G8	L2	M1	M4	L2	905	2	4	5	4	1636	1
G8	L2	M1	M5	L2	906	2	4	5	4	1636	1
G8	L2	M1	M7	L1	907	2	4	6	5	2104	1
G8	L2	M1	M7	L2	908	2	4	5	4	1794	1
G8	L2	M1	YOK	L1	909	3	3	5	3	1696	1
G8	L2	M1	YOK	L2	910	3	3	4	2	1233	1
G8	L2	M2	M8	L1	911	5	7	10	6	4072	1
G8	L2	M2	M8	L2	912	5	7	12	8	4634	1
G8	L2	M2	YOK	L1	913	5	5	8	4	3014	1
G8	L2	M2	YOK	L2	914	5	5	9	5	3576	1
G8	L2	M3	M4	L2	915	3	4	6	4	2034	1
G8	L2	M3	M5	L2	916	3	4	6	4	2034	1
G8	L2	M3	L1	L1	917	3	5	6	4	2143	1
G8	L2	M3	M7	L2	918	3	4	6	4	2102	1
G8	L2	M3	YOK	L1	919	3	3	5	3	1756	1
G8	L2	M3	YOK	L2	920	3	3	5	3	1631	1
G8	L2	M4	M1	L1	921	2	3	6	5	2100	1
G8	L2	M4	M1	L2	922	2	3	5	4	1636	1
G8	L2	M4	M3	L1	923	2	4	6	5	2159	1
G8	L2	M4	M3	L2	924	2	4	6	5	2034	1
G8	L2	M4	YOK	L2	925	2	2	3	2	1146	1
G8	L2	M5	M1	L1	926	2	3	6	5	2100	1
G8	L2	M5	M1	L2	927	2	3	5	4	1636	1
G8	L2	M5	M3	L1	928	2	4	6	5	2159	1
G8	L2	M5	M3	L2	929	2	4	6	5	2034	1
G8	L2	M5	M7	L1	930	2	4	6	5	2122	1
G8	L2	M5	M7	L2	931	2	4	5	4	1812	1
G8	L2	M5	YOK	L1	932	2	2	5	4	1710	1
G8	L2	M5	YOK	L2	933	2	2	3	2	1146	1
G8	L2	M6	M9	L1	934	5	6	10	6	4191	1
G8	L2	M6	M9	L2	935	5	6	9	5	3688	1
G8	L2	M6	M10	L1	936	5	7	11	7	4391	1
G8	L2	M6	M10	L2	937	5	7	10	6	3888	1
G8	L2	M6	YOK	L1	938	5	5	9	5	3703	1
G8	L2	M6	YOK	L2	939	5	5	8	4	3200	1
G8	L2	L1	M3	L2	940	4	6	7	4	2773	1
G8	L2	L1	YOK	L1	941	4	4	5	2	1704	1
G8	L2	KIRA10	YOK	L2	942	10	10	10	1	-2860	1
G8	L2	KIRA6	YOK	L2	943	6	6	6	1	-1560	1
G8	L2	KIRA8	YOK	L2	944	8	8	8	1	-2184	1
G8	L2	M7	M1	L1	945	3	4	6	4	2257	1
G8	L2	M7	M1	L2	946	3	4	5	3	1794	1
G8	L2	M7	M3	L1	947	3	4	6	4	2228	1
G8	L2	M7	M3	L2	948	3	4	6	4	2102	1
G8	L2	M7	M5	L2	949	3	4	5	3	1812	1
G8	L2	M7	YOK	L1	950	3	3	5	3	1756	1
G8	L2	M7	YOK	L2	951	3	3	4	2	1446	1
G8	L2	M8	M2	L1	952	6	8	10	5	4072	1
G8	L2	M8	M2	L2	953	6	8	12	7	4634	1
G8	L2	M8	YOK	L1	954	6	6	9	4	3418	1
G8	L2	M8	YOK	L2	955	6	6	10	5	3979	1
G8	L2	M9	M6	L1	956	4	6	10	7	4191	1
G8	L2	M9	M6	L2	957	4	6	9	6	3688	1
G8	L2	M9	YOK	L1	958	4	4	9	6	3300	1
G8	L2	M9	YOK	L2	959	4	4	8	5	2796	1
G8	L2	M10	M6	L1	960	5	7	11	7	4391	1
G8	L2	M10	M6	L2	961	5	7	10	6	3888	1
G8	L2	M10	YOK	L1	962	5	5	10	6	3500	1
G8	L2	M10	YOK	L2	963	5	5	9	5	2996	1
G8	L2	YOK	YOK	L1	964	2	2	2	1	458	1
G8	L2	YOK	YOK	L2	965	1	1	1	1	220	1
G10	L1	M1	M5	L1	966	4	5	7	4	5283	1
G10	L1	M1	M5	L2	967	4	5	6	3	4156	1
G10	L1	M1	M7	L1	968	4	5	7	4	5092	1
G10	L1	M1	M7	L2	969	4	5	6	3	4471	1
G10	L1	M1	YOK	L1	970	4	4	6	3	4276	1
G10	L1	M1	YOK	L2	971	4	4	5	2	3350	1
G10	L1	M2	M8	L1	972	4	6	9	6	6976	1
G10	L1	M2	M8	L2	973	4	6	10	7	8100	1
G10	L1	M2	YOK	L1	974	4	4	6	3	4862	1
G10	L1	M2	YOK	L2	975	4	4	8	5	5985	1
G10	L1	M3	M5	L1	976	3	5	7	5	5403	1
G10	L1	M3	M5	L2	977	3	5	6	4	4276	1
G10	L1	M3	L2	L2	978	3	5	6	4	4286	1
G10	L1	M3	M7	L1	979	3	5	7	5	5033	1
G10	L1	M3	M7	L2	980	3	5	6	4	4412	1
G10	L1	M3	YOK	L1	981	3	3	5	3	3720	1
G10	L1	M3	YOK	L2	982	3	3	5	3	3470	1
G10	L1	M4	YOK	L2	983	4	4	5	2	3377	1
G10	L1	M5	M1	L1	984	4	5	7	4	5283	1
G10	L1	M5	M3	L1	985	4	5	7	4	5403	1
G10	L1	M5	M7	L1	986	4	5	7	4	5329	1
G10	L1	M5	YOK	L1	987	4	4	6	3	4504	1
G10	L1	M5	YOK	L2	988	4	4	5	2	3377	1
G10	L1	M6	M9	L1	989	6	7	12	7	9346	1
G10	L1	M6	M9	L2	990	6	7	10	5	8339	1
G10	L1	M6	M10	L1	991	6	8	13	8	9746	1
G10	L1	M6	M10	L2	992	6	8	11	6	8739	1
G10	L1	M6	YOK	L1	993	6	6	11	6	8370	1
G10	L1	M6	YOK	L2	994	6	6	9	4	7363	1
G10	L1	L2	M3	L1	995	4	5	7	4	5545	1
G10	L1	L2	YOK	L2	996	4	4	5	2	3408	1
G10	L1	KIRA10	YOK	L1	997	10	10	10	1	-5720	1
G10	L1	KIRA6	YOK	L1	998	6	6	6	1	-3120	1
G10	L1	KIRA8	YOK	L1	999	8	8	8	1	-4368	1
G10	L1	M7	M1	L1	1000	3	5	7	5	5092	1
G10	L1	M7	M1	L2	1001	3	5	6	4	4166	1
G10	L1	M7	M3	L1	1002	3	5	7	5	5033	1
G10	L1	M7	M5	L1	1003	3	5	7	5	5329	1
G10	L1	M7	M5	L2	1004	3	5	6	4	4202	1
G10	L1	M7	YOK	L1	1005	4	4	6	3	4091	1
G10	L1	M7	YOK	L2	1006	4	4	5	2	3470	1
G10	L1	M8	M2	L1	1007	4	6	9	6	6976	1
G10	L1	M8	M2	L2	1008	4	6	10	7	8100	1
G10	L1	M8	YOK	L1	1009	4	4	8	5	5668	1
G10	L1	M8	YOK	L2	1010	4	4	9	6	6792	1
G10	L1	M9	M6	L1	1011	6	7	12	7	9346	1
G10	L1	M9	M6	L2	1012	6	7	10	5	8339	1
G10	L1	M9	YOK	L1	1013	6	6	10	5	7563	1
G10	L1	M9	YOK	L2	1014	6	6	9	4	6556	1
G10	L1	M10	M6	L1	1015	7	8	13	7	9746	1
G10	L1	M10	M6	L2	1016	7	8	11	5	8739	1
G10	L1	M10	YOK	L1	1017	7	7	11	5	7963	1
G10	L1	M10	YOK	L2	1018	7	7	10	4	6956	1
G10	L1	YOK	YOK	L1	1019	1	1	1	1	440	1
G10	L1	YOK	YOK	L2	1020	2	2	2	1	915	1
G10	L2	M1	M5	L2	1021	2	4	5	4	3273	1
G10	L2	M1	M7	L1	1022	2	4	6	5	4209	1
G10	L2	M1	M7	L2	1023	2	4	5	4	3588	1
G10	L2	M1	YOK	L1	1024	3	3	5	3	3393	1
G10	L2	M1	YOK	L2	1025	3	3	4	2	2466	1
G10	L2	M2	M8	L1	1026	5	7	10	6	8143	1
G10	L2	M2	M8	L2	1027	5	7	12	8	9267	1
G10	L2	M2	YOK	L1	1028	5	5	8	4	6028	1
G10	L2	M2	YOK	L2	1029	5	5	9	5	7152	1
G10	L2	M3	M5	L2	1030	3	4	6	4	4068	1
G10	L2	M3	L1	L1	1031	3	5	6	4	4286	1
G10	L2	M3	M7	L2	1032	3	4	6	4	4204	1
G10	L2	M3	YOK	L1	1033	3	3	5	3	3513	1
G10	L2	M3	YOK	L2	1034	3	3	5	3	3262	1
G10	L2	M4	YOK	L2	1035	2	2	3	2	2293	1
G10	L2	M5	M1	L1	1036	2	3	6	5	4199	1
G10	L2	M5	M1	L2	1037	2	3	5	4	3273	1
G10	L2	M5	M3	L1	1038	2	4	6	5	4319	1
G10	L2	M5	M3	L2	1039	2	4	6	5	4068	1
G10	L2	M5	M7	L1	1040	2	4	6	5	4245	1
G10	L2	M5	M7	L2	1041	2	4	5	4	3624	1
G10	L2	M5	YOK	L1	1042	2	2	5	4	3420	1
G10	L2	M5	YOK	L2	1043	2	2	3	2	2293	1
G10	L2	M6	M9	L1	1044	5	6	10	6	8382	1
G10	L2	M6	M9	L2	1045	5	6	9	5	7376	1
G10	L2	M6	M10	L1	1046	5	7	11	7	8782	1
G10	L2	M6	M10	L2	1047	5	7	10	6	7776	1
G10	L2	M6	YOK	L1	1048	5	5	9	5	7406	1
G10	L2	M6	YOK	L2	1049	5	5	8	4	6399	1
G10	L2	L1	M3	L2	1050	4	6	7	4	5545	1
G10	L2	L1	YOK	L1	1051	4	4	5	2	3408	1
G10	L2	KIRA10	YOK	L2	1052	10	10	10	1	-5720	1
G10	L2	KIRA6	YOK	L2	1053	6	6	6	1	-3120	1
G10	L2	KIRA8	YOK	L2	1054	8	8	8	1	-4368	1
G10	L2	M7	M1	L1	1055	3	4	6	4	4514	1
G10	L2	M7	M1	L2	1056	3	4	5	3	3588	1
G10	L2	M7	M3	L1	1057	3	4	6	4	4455	1
G10	L2	M7	M3	L2	1058	3	4	6	4	4204	1
G10	L2	M7	M5	L2	1059	3	4	5	3	3624	1
G10	L2	M7	YOK	L1	1060	3	3	5	3	3513	1
G10	L2	M7	YOK	L2	1061	3	3	4	2	2891	1
G10	L2	M8	M2	L1	1062	6	8	10	5	8143	1
G10	L2	M8	M2	L2	1063	6	8	12	7	9267	1
G10	L2	M8	YOK	L1	1064	6	6	9	4	6835	1
G10	L2	M8	YOK	L2	1065	6	6	10	5	7959	1
G10	L2	M9	M6	L1	1066	4	6	10	7	8382	1
G10	L2	M9	M6	L2	1067	4	6	9	6	7376	1
G10	L2	M9	YOK	L1	1068	4	4	9	6	6599	1
G10	L2	M9	YOK	L2	1069	4	4	8	5	5593	1
G10	L2	M10	M6	L1	1070	5	7	11	7	8782	1
G10	L2	M10	M6	L2	1071	5	7	10	6	7776	1
G10	L2	M10	YOK	L1	1072	5	5	10	6	6999	1
G10	L2	M10	YOK	L2	1073	5	5	9	5	5993	1
G10	L2	YOK	YOK	L1	1074	2	2	2	1	915	1
G10	L2	YOK	YOK	L2	1075	1	1	1	1	440	1
G11	L1	M1	M4	L2	1076	4	5	6	3	2890	1
G11	L1	M1	M5	L1	1077	4	5	8	5	3738	1
G11	L1	M1	M5	L2	1078	4	5	6	3	2890	1
G11	L1	M1	M7	L1	1079	4	5	8	5	3593	1
G11	L1	M1	M7	L2	1080	4	5	7	4	3019	1
G11	L1	M1	YOK	L1	1081	4	4	7	4	3090	1
G11	L1	M1	YOK	L2	1082	4	4	5	2	2351	1
G11	L1	M2	M8	L1	1083	4	5	8	5	4089	1
G11	L1	M2	M8	L2	1084	4	5	10	7	4935	1
G11	L1	M2	YOK	L1	1085	4	4	6	3	2893	1
G11	L1	M2	YOK	L2	1086	4	4	8	5	3739	1
G11	L1	M3	M4	L2	1087	4	5	6	3	2919	1
G11	L1	M3	M5	L1	1088	4	5	8	5	3767	1
G11	L1	M3	M5	L2	1089	4	5	6	3	2919	1
G11	L1	M3	L2	L2	1090	4	5	6	3	2949	1
G11	L1	M3	M7	L1	1091	4	5	8	5	3525	1
G11	L1	M3	M7	L2	1092	4	5	6	3	2952	1
G11	L1	M3	YOK	L1	1093	4	4	6	3	2753	1
G11	L1	M3	YOK	L2	1094	4	4	5	2	2380	1
G11	L1	M4	M1	L1	1095	4	5	8	5	3738	1
G11	L1	M4	M3	L1	1096	4	6	8	5	3767	1
G11	L1	M4	YOK	L2	1097	4	4	5	2	2360	1
G11	L1	M5	M1	L1	1098	4	5	8	5	3738	1
G11	L1	M5	M3	L1	1099	4	6	8	5	3767	1
G11	L1	M5	M7	L1	1100	4	5	8	5	3716	1
G11	L1	M5	YOK	L1	1101	4	4	7	4	3207	1
G11	L1	M5	YOK	L2	1102	4	4	5	2	2360	1
G11	L1	M6	M9	L1	1103	7	8	13	7	6481	1
G11	L1	M6	M9	L2	1104	7	8	12	6	5698	1
G11	L1	M6	M10	L1	1105	7	9	14	8	6681	1
G11	L1	M6	M10	L2	1106	7	9	13	7	5898	1
G11	L1	M6	YOK	L1	1107	7	7	12	6	5870	1
G11	L1	M6	YOK	L2	1108	7	7	11	5	5087	1
G11	L1	L2	M3	L1	1109	4	6	8	5	3868	1
G11	L1	L2	YOK	L2	1110	4	4	5	2	2401	1
G11	L1	M7	M1	L1	1111	4	5	8	5	3593	1
G11	L1	M7	M1	L2	1112	4	5	6	3	2854	1
G11	L1	M7	M3	L1	1113	4	5	8	5	3525	1
G11	L1	M7	M5	L1	1114	4	5	8	5	3716	1
G11	L1	M7	M5	L2	1115	4	5	6	3	2868	1
G11	L1	M7	YOK	L1	1116	4	4	7	4	2943	1
G11	L1	M7	YOK	L2	1117	4	4	5	2	2369	1
G11	L1	M8	M2	L1	1118	4	6	8	5	4089	1
G11	L1	M8	M2	L2	1119	4	6	10	7	4935	1
G11	L1	M8	YOK	L1	1120	4	4	7	4	3311	1
G11	L1	M8	YOK	L2	1121	4	4	9	6	4157	1
G11	L1	M9	M6	L1	1122	6	8	13	8	6481	1
G11	L1	M9	M6	L2	1123	6	8	12	7	5698	1
G11	L1	M9	YOK	L1	1124	7	7	12	6	5318	1
G11	L1	M9	YOK	L2	1125	7	7	10	4	4536	1
G11	L1	M10	M6	L1	1126	7	9	14	8	6681	1
G11	L1	M10	M6	L2	1127	7	9	13	7	5898	1
G11	L1	M10	YOK	L1	1128	8	8	13	6	5518	1
G11	L1	M10	YOK	L2	1129	8	8	11	4	4736	1
G11	L1	YOK	YOK	L1	1130	1	1	1	1	280	1
G11	L1	YOK	YOK	L2	1131	2	2	2	1	457	1
G11	L2	M1	M4	L2	1132	2	4	5	4	2194	1
G11	L2	M1	M5	L2	1133	2	4	5	4	2194	1
G11	L2	M1	M7	L1	1134	2	4	6	5	2897	1
G11	L2	M1	M7	L2	1135	2	4	5	4	2323	1
G11	L2	M1	YOK	L1	1136	2	2	5	4	2394	1
G11	L2	M1	YOK	L2	1137	2	2	4	3	1655	1
G11	L2	M2	M8	L1	1138	5	7	10	6	4978	1
G11	L2	M2	M8	L2	1139	5	7	12	8	5824	1
G11	L2	M2	YOK	L1	1140	5	5	8	4	3782	1
G11	L2	M2	YOK	L2	1141	5	5	10	6	4628	1
G11	L2	M3	M4	L2	1142	3	4	5	3	2589	1
G11	L2	M3	M5	L2	1143	3	4	5	3	2589	1
G11	L2	M3	L1	L1	1144	3	5	6	4	2949	1
G11	L2	M3	M7	L2	1145	3	4	5	3	2621	1
G11	L2	M3	YOK	L1	1146	3	3	5	3	2423	1
G11	L2	M3	YOK	L2	1147	3	3	4	2	2050	1
G11	L2	M4	M1	L1	1148	2	3	6	5	2933	1
G11	L2	M4	M1	L2	1149	2	3	5	4	2194	1
G11	L2	M4	M3	L1	1150	2	4	6	5	2962	1
G11	L2	M4	M3	L2	1151	2	4	5	4	2589	1
G11	L2	M5	M1	L1	1152	2	3	6	5	2933	1
G11	L2	M5	M1	L2	1153	2	3	5	4	2194	1
G11	L2	M5	M3	L1	1154	2	4	6	5	2962	1
G11	L2	M5	M3	L2	1155	2	4	5	4	2589	1
G11	L2	M5	M7	L1	1156	2	4	6	5	2911	1
G11	L2	M5	M7	L2	1157	2	4	5	4	2338	1
G11	L2	M5	YOK	L1	1158	2	2	5	4	2403	1
G11	L2	M5	YOK	L2	1159	2	2	3	2	1555	1
G11	L2	M6	M9	L1	1160	5	6	12	8	5741	1
G11	L2	M6	M9	L2	1161	5	6	10	6	4959	1
G11	L2	M6	M10	L1	1162	5	7	13	9	5941	1
G11	L2	M6	M10	L2	1163	5	7	11	7	5159	1
G11	L2	M6	YOK	L1	1164	5	5	11	7	5130	1
G11	L2	M6	YOK	L2	1165	5	5	9	5	4348	1
G11	L2	L1	M3	L2	1166	4	7	8	5	3868	1
G11	L2	L1	YOK	L1	1167	4	4	5	2	2401	1
G11	L2	M7	M1	L1	1168	3	4	7	5	3062	1
G11	L2	M7	M1	L2	1169	3	4	5	3	2323	1
G11	L2	M7	M3	L1	1170	3	4	6	4	2995	1
G11	L2	M7	M3	L2	1171	3	4	5	3	2621	1
G11	L2	M7	M5	L2	1172	3	4	5	3	2338	1
G11	L2	M7	YOK	L1	1173	3	3	5	3	2412	1
G11	L2	M7	YOK	L2	1174	3	3	4	2	1838	1
G11	L2	M8	M2	L1	1175	6	8	10	5	4978	1
G11	L2	M8	M2	L2	1176	6	8	12	7	5824	1
G11	L2	M8	YOK	L1	1177	6	6	9	4	4200	1
G11	L2	M8	YOK	L2	1178	6	6	11	6	5046	1
G11	L2	M9	M6	L1	1179	5	6	12	8	5741	1
G11	L2	M9	M6	L2	1180	5	6	10	6	4959	1
G11	L2	M9	YOK	L1	1181	5	5	10	6	4579	1
G11	L2	M9	YOK	L2	1182	5	5	8	4	3796	1
G11	L2	M10	M6	L1	1183	6	7	13	8	5941	1
G11	L2	M10	M6	L2	1184	6	7	11	6	5159	1
G11	L2	M10	YOK	L1	1185	6	6	11	6	4779	1
G11	L2	M10	YOK	L2	1186	6	6	9	4	3996	1
G11	L2	YOK	YOK	L1	1187	2	2	2	1	457	1
G11	L2	YOK	YOK	L2	1188	1	1	1	1	280	1
G3	L2	M11	YOK	L1	1189	3	5	7	5	3940	1
G3	L1	M11	YOK	L1	1190	5	7	7	3	4300	1
G3	L1	M11	YOK	L2	1191	5	7	9	5	3940	1
G3	L2	M11	YOK	L2	1192	3	5	6	4	3200	1
G1	L2	M11	YOK	L1	1193	3	5	7	5	3940	1
G1	L1	M11	YOK	L1	1194	5	7	7	3	4300	1
G1	L1	M11	YOK	L2	1195	5	7	9	5	3940	1
G1	L2	M11	YOK	L2	1196	3	5	6	4	3200	1
