g,i,j,k,o,se,Gun1,Gun2,Gun3,Maliyet,Mumkun
G1,L1,M1,M4,L2,1,4,5,6,2889.92,1
G1,L1,M1,M5,L1,2,4,5,8,3737.52,1
G1,L1,M1,M5,L2,3,4,5,6,2889.92,1
G1,L1,M1,M7,L1,4,4,5,8,3593.14,1
G1,L1,M1,M7,L2,5,4,5,7,3019.46,1
G1,L1,M1,Yok,L1,6,4,4,7,3089.74,1
G1,L1,M1,Yok,L2,7,4,4,5,2350.6999999999998,1
G1,L1,M2,M8,L1,8,4,5,8,4089.32,1
G1,L1,M2,M8,L2,9,4,5,10,4935.24,1
G1,L1,M2,Yok,L1,10,4,4,6,2893.48,1
G1,L1,M2,Yok,L2,11,4,4,8,3739.4,1
G1,L1,M3,M4,L2,12,4,5,6,2919.04,1
G1,L1,M3,M5,L1,13,4,5,8,3766.64,1
G1,L1,M3,M5,L2,14,4,5,6,2919.04,1
G1,L1,M3,L2,L2,15,4,5,6,2948.68,1
G1,L1,M3,M7,L1,16,4,5,8,3525.38,1
G1,L1,M3,M7,L2,17,4,5,6,2951.72,1
G1,L1,M3,Yok,L1,18,4,4,6,2753.06,1
G1,L1,M3,Yok,L2,19,4,4,5,2379.8200000000002,1
G1,L1,M4,M1,L1,20,4,5,8,3737.52,1
G1,L1,M4,M3,L1,21,4,6,8,3766.64,1
G1,L1,M4,Yok,L2,22,4,4,5,2359.7800000000002,1
G1,L1,M5,M1,L1,23,4,5,8,3737.52,1
G1,L1,M5,M3,L1,24,4,6,8,3766.64,1
G1,L1,M5,M7,L1,25,4,5,8,3715.8,1
G1,L1,M5,Yok,L1,26,4,4,7,3207.38,1
G1,L1,M5,Yok,L2,27,4,4,5,2359.7800000000002,1
G1,L1,M6,M9,L1,28,7,8,13,6480.62,1
G1,L1,M6,M9,L2,29,7,8,12,5698.16,1
G1,L1,M6,M10,L1,30,7,9,14,6680.62,1
G1,L1,M6,M10,L2,31,7,9,13,5898.16,1
G1,L1,M6,Yok,L1,32,7,7,12,5869.8,1
G1,L1,M6,Yok,L2,33,7,7,11,5087.3599999999997,1
G1,L1,L2,M3,L1,34,4,6,8,3868.1,1
G1,L1,L2,Yok,L2,35,4,4,5,2401.12,1
G1,L1,Kira10,Yok,L1,36,10,10,10,-3960.0000000000005,1
G1,L1,Kira6,Yok,L1,37,6,6,6,-2160,1
G1,L1,Kira8,Yok,L1,38,8,8,8,-3024,1
G1,L1,M7,M1,L1,39,4,5,8,3593.14,1
G1,L1,M7,M1,L2,40,4,5,6,2854.12,1
G1,L1,M7,M3,L1,41,4,5,8,3525.38,1
G1,L1,M7,M5,L1,42,4,5,8,3715.8,1
G1,L1,M7,M5,L2,43,4,5,6,2868.2,1
G1,L1,M7,Yok,L1,44,4,4,7,2942.76,1
G1,L1,M7,Yok,L2,45,4,4,5,2369.08,1
G1,L1,M8,M2,L1,46,4,6,8,4089.32,1
G1,L1,M8,M2,L2,47,4,6,10,4935.24,1
G1,L1,M8,Yok,L1,48,4,4,7,3311.3,1
G1,L1,M8,Yok,L2,49,4,4,9,4157.22,1
G1,L1,M9,M6,L1,50,6,8,13,6480.62,1
G1,L1,M9,M6,L2,51,6,8,12,5698.16,1
G1,L1,M9,Yok,L1,52,7,7,12,5318.26,1
G1,L1,M9,Yok,L2,53,7,7,10,4535.8,1
G1,L1,M10,M6,L1,54,7,9,14,6680.62,1
G1,L1,M10,M6,L2,55,7,9,13,5898.16,1
G1,L1,M10,Yok,L1,56,8,8,13,5518.26,1
G1,L1,M10,Yok,L2,57,8,8,11,4735.8,1
G1,L1,Yok,Yok,L1,58,1,1,1,280,1
G1,L1,Yok,Yok,L2,59,2,2,2,456.96,1
G1,L2,M1,M4,L2,60,2,4,5,2193.88,1
G1,L2,M1,M5,L2,61,2,4,5,2193.88,1
G1,L2,M1,M7,L1,62,2,4,6,2897.12,1
G1,L2,M1,M7,L2,63,2,4,5,2323.44,1
G1,L2,M1,Yok,L1,64,2,2,5,2393.6999999999998,1
G1,L2,M1,Yok,L2,65,2,2,4,1654.68,1
G1,L2,M2,M8,L1,66,5,7,10,4978.24,1
G1,L2,M2,M8,L2,67,5,7,12,5824.16,1
G1,L2,M2,Yok,L1,68,5,5,8,3782.4,1
G1,L2,M2,Yok,L2,69,5,5,10,4628.32,1
G1,L2,M3,M4,L2,70,3,4,5,2588.8000000000002,1
G1,L2,M3,M5,L2,71,3,4,5,2588.8000000000002,1
G1,L2,M3,L1,L1,72,3,5,6,2948.68,1
G1,L2,M3,M7,L2,73,3,4,5,2621.48,1
G1,L2,M3,Yok,L1,74,3,3,5,2422.8200000000002,1
G1,L2,M3,Yok,L2,75,3,3,4,2049.58,1
G1,L2,M4,M1,L1,76,2,3,6,2932.92,1
G1,L2,M4,M1,L2,77,2,3,5,2193.88,1
G1,L2,M4,M3,L1,78,2,4,6,2962.04,1
G1,L2,M4,M3,L2,79,2,4,5,2588.8000000000002,1
G1,L2,M5,M1,L1,80,2,3,6,2932.92,1
G1,L2,M5,M1,L2,81,2,3,5,2193.88,1
G1,L2,M5,M3,L1,82,2,4,6,2962.04,1
G1,L2,M5,M3,L2,83,2,4,5,2588.8000000000002,1
G1,L2,M5,M7,L1,84,2,4,6,2911.2,1
G1,L2,M5,M7,L2,85,2,4,5,2337.52,1
G1,L2,M5,Yok,L1,86,2,2,5,2402.7800000000002,1
G1,L2,M5,Yok,L2,87,2,2,3,1555.18,1
G1,L2,M6,M9,L1,88,5,6,12,5741.16,1
G1,L2,M6,M9,L2,89,5,6,10,4958.72,1
G1,L2,M6,M10,L1,90,5,7,13,5941.16,1
G1,L2,M6,M10,L2,91,5,7,11,5158.72,1
G1,L2,M6,Yok,L1,92,5,5,11,5130.3599999999997,1
G1,L2,M6,Yok,L2,93,5,5,9,4347.8999999999996,1
G1,L2,L1,M3,L2,94,4,7,8,3868.1,1
G1,L2,L1,Yok,L1,95,4,4,5,2401.12,1
G1,L2,Kira10,Yok,L2,96,10,10,10,-3960.0000000000005,1
G1,L2,Kira6,Yok,L2,97,6,6,6,-2160,1
G1,L2,Kira8,Yok,L2,98,8,8,8,-3024,1
G1,L2,M7,M1,L1,99,3,4,7,3062.46,1
G1,L2,M7,M1,L2,100,3,4,5,2323.44,1
G1,L2,M7,M3,L1,101,3,4,6,2994.72,1
G1,L2,M7,M3,L2,102,3,4,5,2621.48,1
G1,L2,M7,M5,L2,103,3,4,5,2337.52,1
G1,L2,M7,Yok,L1,104,3,3,5,2412.08,1
G1,L2,M7,Yok,L2,105,3,3,4,1838.4,1
G1,L2,M8,M2,L1,106,6,8,10,4978.24,1
G1,L2,M8,M2,L2,107,6,8,12,5824.16,1
G1,L2,M8,Yok,L1,108,6,6,9,4200.22,1
G1,L2,M8,Yok,L2,109,6,6,11,5046.1400000000003,1
G1,L2,M9,M6,L1,110,5,6,12,5741.16,1
G1,L2,M9,M6,L2,111,5,6,10,4958.72,1
G1,L2,M9,Yok,L1,112,5,5,10,4578.8,1
G1,L2,M9,Yok,L2,113,5,5,8,3796.36,1
G1,L2,M10,M6,L1,114,6,7,13,5941.16,1
G1,L2,M10,M6,L2,115,6,7,11,5158.72,1
G1,L2,M10,Yok,L1,116,6,6,11,4778.8,1
G1,L2,M10,Yok,L2,117,6,6,9,3996.36,1
G1,L2,Yok,Yok,L1,118,2,2,2,456.96,1
G1,L2,Yok,Yok,L2,119,1,1,1,280,1
G2,L1,M1,M4,L2,120,4,5,6,1835.32,1
G2,L1,M1,M5,L1,121,4,5,7,2336.7399999999998,1
G2,L1,M1,M5,L2,122,4,5,6,1835.32,1
G2,L1,M1,M7,L1,123,4,5,7,2254.3200000000002,1
G2,L1,M1,M7,L2,124,4,5,6,1979.14,1
G2,L1,M1,Yok,L1,125,4,4,6,1888.16,1
G2,L1,M1,Yok,L2,126,4,4,5,1476.4,1
G2,L1,M2,M8,L1,127,4,6,9,3123.62,1
G2,L1,M2,M8,L2,128,4,6,10,3623.68,1
G2,L1,M2,Yok,L1,129,4,4,6,2176.66,1
G2,L1,M2,Yok,L2,130,4,4,8,2676.72,1
G2,L1,M3,M4,L2,131,3,5,6,1893.48,1
G2,L1,M3,M5,L1,132,3,5,7,2394.92,1
G2,L1,M3,M5,L2,133,3,5,6,1893.48,1
G2,L1,M3,L2,L2,134,3,5,6,1899.66,1
G2,L1,M3,M7,L1,135,3,5,7,2232.48,1
G2,L1,M3,M7,L2,136,3,5,6,1957.3,1
G2,L1,M3,Yok,L1,137,3,3,5,1644.22,1
G2,L1,M3,Yok,L2,138,3,3,5,1534.58,1
G2,L1,M4,M1,L1,139,4,5,7,2336.7399999999998,1
G2,L1,M4,M3,L1,140,4,5,7,2394.92,1
G2,L1,M4,Yok,L2,141,4,4,5,1490.08,1
G2,L1,M5,M1,L1,142,4,5,7,2336.7399999999998,1
G2,L1,M5,M3,L1,143,4,5,7,2394.92,1
G2,L1,M5,M7,L1,144,4,5,7,2361.8200000000002,1
G2,L1,M5,Yok,L1,145,4,4,6,1991.5,1
G2,L1,M5,Yok,L2,146,4,4,5,1490.08,1
G2,L1,M6,M9,L1,147,6,7,12,4176.6000000000004,1
G2,L1,M6,M9,L2,148,6,7,10,3728.96,1
G2,L1,M6,M10,L1,149,6,8,13,4376.6000000000004,1
G2,L1,M6,M10,L2,150,6,8,11,3928.96,1
G2,L1,M6,Yok,L1,151,6,6,11,3737.6,1
G2,L1,M6,Yok,L2,152,6,6,9,3289.96,1
G2,L1,L2,M3,L1,153,4,5,7,2460.4,1
G2,L1,L2,Yok,L2,154,4,4,5,1505.9,1
G2,L1,Kira10,Yok,L1,155,10,10,10,-2420.0000000000005,1
G2,L1,Kira6,Yok,L1,156,6,6,6,-1320,1
G2,L1,Kira8,Yok,L1,157,8,8,8,-1848,1
G2,L1,M7,M1,L1,158,3,5,7,2254.3200000000002,1
G2,L1,M7,M1,L2,159,3,5,6,1842.56,1
G2,L1,M7,M3,L1,160,3,5,7,2232.48,1
G2,L1,M7,M5,L1,161,3,5,7,2361.8200000000002,1
G2,L1,M7,M5,L2,162,3,5,6,1860.38,1
G2,L1,M7,Yok,L1,163,4,4,6,1809.76,1
G2,L1,M7,Yok,L2,164,4,4,5,1534.58,1
G2,L1,M8,M2,L1,165,4,6,9,3123.62,1
G2,L1,M8,M2,L2,166,4,6,10,3623.68,1
G2,L1,M8,Yok,L1,167,4,4,8,2520.34,1
G2,L1,M8,Yok,L2,168,4,4,9,3020.4,1
G2,L1,M9,M6,L1,169,6,7,12,4176.6000000000004,1
G2,L1,M9,M6,L2,170,6,7,10,3728.96,1
G2,L1,M9,Yok,L1,171,6,6,10,3358.66,1
G2,L1,M9,Yok,L2,172,6,6,9,2911.02,1
G2,L1,M10,M6,L1,173,7,8,13,4376.6000000000004,1
G2,L1,M10,M6,L2,174,7,8,11,3928.96,1
G2,L1,M10,Yok,L1,175,7,7,11,3558.66,1
G2,L1,M10,Yok,L2,176,7,7,10,3111.02,1
G2,L1,Yok,Yok,L1,177,1,1,1,220,1
G2,L1,Yok,Yok,L2,178,2,2,2,457.6,1
G2,L2,M1,M4,L2,179,2,4,5,1445.06,1
G2,L2,M1,M5,L2,180,2,4,5,1445.06,1
G2,L2,M1,M7,L1,181,2,4,6,1864.06,1
G2,L2,M1,M7,L2,182,2,4,5,1588.88,1
G2,L2,M1,Yok,L1,183,3,3,5,1497.9,1
G2,L2,M1,Yok,L2,184,3,3,4,1086.1400000000001,1
G2,L2,M2,M8,L1,185,5,7,10,3645.18,1
G2,L2,M2,M8,L2,186,5,7,12,4145.24,1
G2,L2,M2,Yok,L1,187,5,5,8,2698.22,1
G2,L2,M2,Yok,L2,188,5,5,9,3198.26,1
G2,L2,M3,M4,L2,189,3,4,6,1805.36,1
G2,L2,M3,M5,L2,190,3,4,6,1805.36,1
G2,L2,M3,L1,L1,191,3,5,6,1899.66,1
G2,L2,M3,M7,L2,192,3,4,6,1869.18,1
G2,L2,M3,Yok,L1,193,3,3,5,1556.08,1
G2,L2,M3,Yok,L2,194,3,3,5,1446.44,1
G2,L2,M4,M1,L1,195,2,3,6,1856.82,1
G2,L2,M4,M1,L2,196,2,3,5,1445.06,1
G2,L2,M4,M3,L1,197,2,4,6,1914.98,1
G2,L2,M4,M3,L2,198,2,4,6,1805.36,1
G2,L2,M4,Yok,L2,199,2,2,3,1010.14,1
G2,L2,M5,M1,L1,200,2,3,6,1856.82,1
G2,L2,M5,M1,L2,201,2,3,5,1445.06,1
G2,L2,M5,M3,L1,202,2,4,6,1914.98,1
G2,L2,M5,M3,L2,203,2,4,6,1805.36,1
G2,L2,M5,M7,L1,204,2,4,6,1881.88,1
G2,L2,M5,M7,L2,205,2,4,5,1606.7,1
G2,L2,M5,Yok,L1,206,2,2,5,1511.58,1
G2,L2,M5,Yok,L2,207,2,2,3,1010.14,1
G2,L2,M6,M9,L1,208,5,6,10,3750.46,1
G2,L2,M6,M9,L2,209,5,6,9,3302.84,1
G2,L2,M6,M10,L1,210,5,7,11,3950.46,1
G2,L2,M6,M10,L2,211,5,7,10,3502.84,1
G2,L2,M6,Yok,L1,212,5,5,9,3311.46,1
G2,L2,M6,Yok,L2,213,5,5,8,2863.84,1
G2,L2,L1,M3,L2,214,4,6,7,2460.4,1
G2,L2,L1,Yok,L1,215,4,4,5,1505.9,1
G2,L2,Kira10,Yok,L2,216,10,10,10,-2420.0000000000005,1
G2,L2,Kira6,Yok,L2,217,6,6,6,-1320,1
G2,L2,Kira8,Yok,L2,218,8,8,8,-1848,1
G2,L2,M7,M1,L1,219,3,4,6,2000.64,1
G2,L2,M7,M1,L2,220,3,4,5,1588.88,1
G2,L2,M7,M3,L1,221,3,4,6,1978.8,1
G2,L2,M7,M3,L2,222,3,4,6,1869.18,1
G2,L2,M7,M5,L2,223,3,4,5,1606.7,1
G2,L2,M7,Yok,L1,224,3,3,5,1556.08,1
G2,L2,M7,Yok,L2,225,3,3,4,1280.9000000000001,1
G2,L2,M8,M2,L1,226,6,8,10,3645.18,1
G2,L2,M8,M2,L2,227,6,8,12,4145.24,1
G2,L2,M8,Yok,L1,228,6,6,9,3041.9,1
G2,L2,M8,Yok,L2,229,6,6,10,3541.94,1
G2,L2,M9,M6,L1,230,4,6,10,3750.46,1
G2,L2,M9,M6,L2,231,4,6,9,3302.84,1
G2,L2,M9,Yok,L1,232,4,4,9,2932.52,1
G2,L2,M9,Yok,L2,233,4,4,8,2484.9,1
G2,L2,M10,M6,L1,234,5,7,11,3950.46,1
G2,L2,M10,M6,L2,235,5,7,10,3502.84,1
G2,L2,M10,Yok,L1,236,5,5,10,3132.52,1
G2,L2,M10,Yok,L2,237,5,5,9,2684.9,1
G2,L2,Yok,Yok,L1,238,2,2,2,457.6,1
G2,L2,Yok,Yok,L2,239,1,1,1,220,1
G3,L1,M1,M4,L2,240,4,5,6,2889.92,1
G3,L1,M1,M5,L1,241,4,5,8,3737.52,1
G3,L1,M1,M5,L2,242,4,5,6,2889.92,1
G3,L1,M1,M7,L1,243,4,5,8,3593.14,1
G3,L1,M1,M7,L2,244,4,5,7,3019.46,1
G3,L1,M1,Yok,L1,245,4,4,7,3089.74,1
G3,L1,M1,Yok,L2,246,4,4,5,2350.6999999999998,1
G3,L1,M2,M8,L1,247,4,5,8,4089.32,1
G3,L1,M2,M8,L2,248,4,5,10,4935.24,1
G3,L1,M2,Yok,L1,249,4,4,6,2893.48,1
G3,L1,M2,Yok,L2,250,4,4,8,3739.4,1
G3,L1,M3,M4,L2,251,4,5,6,2919.04,1
G3,L1,M3,M5,L1,252,4,5,8,3766.64,1
G3,L1,M3,M5,L2,253,4,5,6,2919.04,1
G3,L1,M3,L2,L2,254,4,5,6,2948.68,1
G3,L1,M3,M7,L1,255,4,5,8,3525.38,1
G3,L1,M3,M7,L2,256,4,5,6,2951.72,1
G3,L1,M3,Yok,L1,257,4,4,6,2753.06,1
G3,L1,M3,Yok,L2,258,4,4,5,2379.8200000000002,1
G3,L1,M4,M1,L1,259,4,5,8,3737.52,1
G3,L1,M4,M3,L1,260,4,6,8,3766.64,1
G3,L1,M4,Yok,L2,261,4,4,5,2359.7800000000002,1
G3,L1,M5,M1,L1,262,4,5,8,3737.52,1
G3,L1,M5,M3,L1,263,4,6,8,3766.64,1
G3,L1,M5,M7,L1,264,4,5,8,3715.8,1
G3,L1,M5,Yok,L1,265,4,4,7,3207.38,1
G3,L1,M5,Yok,L2,266,4,4,5,2359.7800000000002,1
G3,L1,M6,M9,L1,267,7,8,13,6480.62,1
G3,L1,M6,M9,L2,268,7,8,12,5698.16,1
G3,L1,M6,M10,L1,269,7,9,14,6680.62,1
G3,L1,M6,M10,L2,270,7,9,13,5898.16,1
G3,L1,M6,Yok,L1,271,7,7,12,5869.8,1
G3,L1,M6,Yok,L2,272,7,7,11,5087.3599999999997,1
G3,L1,L2,M3,L1,273,4,6,8,3868.1,1
G3,L1,L2,Yok,L2,274,4,4,5,2401.12,1
G3,L1,Kira10,Yok,L1,275,10,10,10,-3960.0000000000005,1
G3,L1,Kira6,Yok,L1,276,6,6,6,-2160,1
G3,L1,Kira8,Yok,L1,277,8,8,8,-3024,1
G3,L1,M7,M1,L1,278,4,5,8,3593.14,1
G3,L1,M7,M1,L2,279,4,5,6,2854.12,1
G3,L1,M7,M3,L1,280,4,5,8,3525.38,1
G3,L1,M7,M5,L1,281,4,5,8,3715.8,1
G3,L1,M7,M5,L2,282,4,5,6,2868.2,1
G3,L1,M7,Yok,L1,283,4,4,7,2942.76,1
G3,L1,M7,Yok,L2,284,4,4,5,2369.08,1
G3,L1,M8,M2,L1,285,4,6,8,4089.32,1
G3,L1,M8,M2,L2,286,4,6,10,4935.24,1
G3,L1,M8,Yok,L1,287,4,4,7,3311.3,1
G3,L1,M8,Yok,L2,288,4,4,9,4157.22,1
G3,L1,M9,M6,L1,289,6,8,13,6480.62,1
G3,L1,M9,M6,L2,290,6,8,12,5698.16,1
G3,L1,M9,Yok,L1,291,7,7,12,5318.26,1
G3,L1,M9,Yok,L2,292,7,7,10,4535.8,1
G3,L1,M10,M6,L1,293,7,9,14,6680.62,1
G3,L1,M10,M6,L2,294,7,9,13,5898.16,1
G3,L1,M10,Yok,L1,295,8,8,13,5518.26,1
G3,L1,M10,Yok,L2,296,8,8,11,4735.8,1
G3,L1,Yok,Yok,L1,297,1,1,1,280,1
G3,L1,Yok,Yok,L2,298,2,2,2,456.96,1
G3,L2,M1,M4,L2,299,2,4,5,2193.88,1
G3,L2,M1,M5,L2,300,2,4,5,2193.88,1
G3,L2,M1,M7,L1,301,2,4,6,2897.12,1
G3,L2,M1,M7,L2,302,2,4,5,2323.44,1
G3,L2,M1,Yok,L1,303,2,2,5,2393.6999999999998,1
G3,L2,M1,Yok,L2,304,2,2,4,1654.68,1
G3,L2,M2,M8,L1,305,5,7,10,4978.24,1
G3,L2,M2,M8,L2,306,5,7,12,5824.16,1
G3,L2,M2,Yok,L1,307,5,5,8,3782.4,1
G3,L2,M2,Yok,L2,308,5,5,10,4628.32,1
G3,L2,M3,M4,L2,309,3,4,5,2588.8000000000002,1
G3,L2,M3,M5,L2,310,3,4,5,2588.8000000000002,1
G3,L2,M3,L1,L1,311,3,5,6,2948.68,1
G3,L2,M3,M7,L2,312,3,4,5,2621.48,1
G3,L2,M3,Yok,L1,313,3,3,5,2422.8200000000002,1
G3,L2,M3,Yok,L2,314,3,3,4,2049.58,1
G3,L2,M4,M1,L1,315,2,3,6,2932.92,1
G3,L2,M4,M1,L2,316,2,3,5,2193.88,1
G3,L2,M4,M3,L1,317,2,4,6,2962.04,1
G3,L2,M4,M3,L2,318,2,4,5,2588.8000000000002,1
G3,L2,M5,M1,L1,319,2,3,6,2932.92,1
G3,L2,M5,M1,L2,320,2,3,5,2193.88,1
G3,L2,M5,M3,L1,321,2,4,6,2962.04,1
G3,L2,M5,M3,L2,322,2,4,5,2588.8000000000002,1
G3,L2,M5,M7,L1,323,2,4,6,2911.2,1
G3,L2,M5,M7,L2,324,2,4,5,2337.52,1
G3,L2,M5,Yok,L1,325,2,2,5,2402.7800000000002,1
G3,L2,M5,Yok,L2,326,2,2,3,1555.18,1
G3,L2,M6,M9,L1,327,5,6,12,5741.16,1
G3,L2,M6,M9,L2,328,5,6,10,4958.72,1
G3,L2,M6,M10,L1,329,5,7,13,5941.16,1
G3,L2,M6,M10,L2,330,5,7,11,5158.72,1
G3,L2,M6,Yok,L1,331,5,5,11,5130.3599999999997,1
G3,L2,M6,Yok,L2,332,5,5,9,4347.8999999999996,1
G3,L2,L1,M3,L2,333,4,7,8,3868.1,1
G3,L2,L1,Yok,L1,334,4,4,5,2401.12,1
G3,L2,Kira10,Yok,L2,335,10,10,10,-3960.0000000000005,1
G3,L2,Kira6,Yok,L2,336,6,6,6,-2160,1
G3,L2,Kira8,Yok,L2,337,8,8,8,-3024,1
G3,L2,M7,M1,L1,338,3,4,7,3062.46,1
G3,L2,M7,M1,L2,339,3,4,5,2323.44,1
G3,L2,M7,M3,L1,340,3,4,6,2994.72,1
G3,L2,M7,M3,L2,341,3,4,5,2621.48,1
G3,L2,M7,M5,L2,342,3,4,5,2337.52,1
G3,L2,M7,Yok,L1,343,3,3,5,2412.08,1
G3,L2,M7,Yok,L2,344,3,3,4,1838.4,1
G3,L2,M8,M2,L1,345,6,8,10,4978.24,1
G3,L2,M8,M2,L2,346,6,8,12,5824.16,1
G3,L2,M8,Yok,L1,347,6,6,9,4200.22,1
G3,L2,M8,Yok,L2,348,6,6,11,5046.1400000000003,1
G3,L2,M9,M6,L1,349,5,6,12,5741.16,1
G3,L2,M9,M6,L2,350,5,6,10,4958.72,1
G3,L2,M9,Yok,L1,351,5,5,10,4578.8,1
G3,L2,M9,Yok,L2,352,5,5,8,3796.36,1
G3,L2,M10,M6,L1,353,6,7,13,5941.16,1
G3,L2,M10,M6,L2,354,6,7,11,5158.72,1
G3,L2,M10,Yok,L1,355,6,6,11,4778.8,1
G3,L2,M10,Yok,L2,356,6,6,9,3996.36,1
G3,L2,Yok,Yok,L1,357,2,2,2,456.96,1
G3,L2,Yok,Yok,L2,358,1,1,1,280,1
G4,L1,L2,M11,L1,359,3,5,8,8922.14,1
G4,L1,L2,M11,L2,360,3,5,7,7572.44,1
G4,L1,L2,Yok,L1,361,3,3,5,4586.26,1
G4,L1,L2,Yok,L2,362,3,3,3,3174.52,1
G4,L1,M7,Yok,L1,363,3,3,6,5347.56,0
G4,L1,M7,Yok,L2,364,3,3,5,3969.66,0
G4,L1,Yok,Yok,L1,365,1,1,1,520,1
G4,L2,M11,Yok,L1,366,3,3,6,6631.74,1
G4,L2,M11,Yok,L2,367,3,3,5,4888.82,1
G4,L2,L1,Yok,L1,368,3,3,3,3174.52,1
G4,L2,L1,Yok,L2,369,3,3,5,4586.26,1
G4,L2,M7,L1,L2,370,2,5,7,6104.64,0
G4,L2,M7,M11,L1,371,2,5,8,7981.44,0
G4,L2,M7,M11,L2,372,2,5,7,6607.2,0
G4,L2,M7,Yok,L1,373,2,2,5,4419.5600000000004,0
G4,L2,M7,Yok,L2,374,2,2,4,2233,0
G4,L2,Yok,Yok,L2,375,1,1,1,520,1
G5,L1,M1,M4,L2,376,4,5,6,2078,1
G5,L1,M1,M5,L1,377,4,5,7,2641.5,1
G5,L1,M1,M5,L2,378,4,5,6,2078,1
G5,L1,M1,M7,L1,379,4,5,7,2546.04,1
G5,L1,M1,M7,L2,380,4,5,6,2235.52,1
G5,L1,M1,Yok,L1,381,4,4,6,2138.02,1
G5,L1,M1,Yok,L2,382,4,4,5,1674.8,1
G5,L1,M2,M8,L1,383,4,6,9,3488.16,1
G5,L1,M2,M8,L2,384,4,6,10,4050.1,1
G5,L1,M2,Yok,L1,385,4,4,6,2430.7600000000002,1
G5,L1,M2,Yok,L2,386,4,4,8,2992.7,1
G5,L1,M3,M4,L2,387,3,5,6,2137.96,1
G5,L1,M3,M5,L1,388,3,5,7,2701.46,1
G5,L1,M3,M5,L2,389,3,5,6,2137.96,1
G5,L1,M3,L2,L2,390,3,5,6,2142.8200000000002,1
G5,L1,M3,M7,L1,391,3,5,7,2516.54,1
G5,L1,M3,M7,L2,392,3,5,6,2206.02,1
G5,L1,M3,Yok,L1,393,3,3,5,1860.18,1
G5,L1,M3,Yok,L2,394,3,3,5,1734.76,1
G5,L1,M4,M1,L1,395,4,5,7,2641.5,1
G5,L1,M4,M3,L1,396,4,5,7,2701.46,1
G5,L1,M4,Yok,L2,397,4,4,5,1688.3,1
G5,L1,M5,M1,L1,398,4,5,7,2641.5,1
G5,L1,M5,M3,L1,399,4,5,7,2701.46,1
G5,L1,M5,M7,L1,400,4,5,7,2664.44,1
G5,L1,M5,Yok,L1,401,4,4,6,2251.7800000000002,1
G5,L1,M5,Yok,L2,402,4,4,5,1688.3,1
G5,L1,M6,M9,L1,403,6,7,12,4673.04,1
G5,L1,M6,M9,L2,404,6,7,10,4169.72,1
G5,L1,M6,M10,L1,405,6,8,13,4873.04,1
G5,L1,M6,M10,L2,406,6,8,11,4369.72,1
G5,L1,M6,Yok,L1,407,6,6,11,4184.8599999999997,1
G5,L1,M6,Yok,L2,408,6,6,9,3681.52,1
G5,L1,L2,M3,L1,409,4,5,7,2772.64,1
G5,L1,L2,Yok,L2,410,4,4,5,1703.96,1
G5,L1,Kira10,Yok,L1,411,10,10,10,-2860,1
G5,L1,Kira6,Yok,L1,412,6,6,6,-1560,1
G5,L1,Kira8,Yok,L1,413,8,8,8,-2184,1
G5,L1,M7,M1,L1,414,3,5,7,2546.04,1
G5,L1,M7,M1,L2,415,3,5,6,2082.8200000000002,1
G5,L1,M7,M3,L1,416,3,5,7,2516.54,1
G5,L1,M7,M5,L1,417,3,5,7,2664.44,1
G5,L1,M7,M5,L2,418,3,5,6,2100.94,1
G5,L1,M7,Yok,L1,419,4,4,6,2045.28,1
G5,L1,M7,Yok,L2,420,4,4,5,1734.76,1
G5,L1,M8,M2,L1,421,4,6,9,3488.16,1
G5,L1,M8,M2,L2,422,4,6,10,4050.1,1
G5,L1,M8,Yok,L1,423,4,4,8,2834.04,1
G5,L1,M8,Yok,L2,424,4,4,9,3396,1
G5,L1,M9,M6,L1,425,6,7,12,4673.04,1
G5,L1,M9,M6,L2,426,6,7,10,4169.72,1
G5,L1,M9,Yok,L1,427,6,6,10,3781.5,1
G5,L1,M9,Yok,L2,428,6,6,9,3278.16,1
G5,L1,M10,M6,L1,429,7,8,13,4873.04,1
G5,L1,M10,M6,L2,430,7,8,11,4369.72,1
G5,L1,M10,Yok,L1,431,7,7,11,3981.5,1
G5,L1,M10,Yok,L2,432,7,7,10,3478.16,1
G5,L1,Yok,Yok,L1,433,1,1,1,220,1
G5,L1,Yok,Yok,L2,434,2,2,2,457.6,1
G5,L2,M1,M4,L2,435,2,4,5,1636.28,1
G5,L2,M1,M5,L2,436,2,4,5,1636.28,1
G5,L2,M1,M7,L1,437,2,4,6,2104.3200000000002,1
G5,L2,M1,M7,L2,438,2,4,5,1793.78,1
G5,L2,M1,Yok,L1,439,3,3,5,1696.3,1
G5,L2,M1,Yok,L2,440,3,3,4,1233.06,1
G5,L2,M2,M8,L1,441,5,7,10,4071.6,1
G5,L2,M2,M8,L2,442,5,7,12,4633.54,1
G5,L2,M2,Yok,L1,443,5,5,8,3014.2,1
G5,L2,M2,Yok,L2,444,5,5,9,3576.14,1
G5,L2,M3,M4,L2,445,3,4,6,2034.04,1
G5,L2,M3,M5,L2,446,3,4,6,2034.04,1
G5,L2,M3,L1,L1,447,3,5,6,2142.8200000000002,1
G5,L2,M3,M7,L2,448,3,4,6,2102.1,1
G5,L2,M3,Yok,L1,449,3,3,5,1756.26,1
G5,L2,M3,Yok,L2,450,3,3,5,1630.82,1
G5,L2,M4,M1,L1,451,2,3,6,2099.5,1
G5,L2,M4,M1,L2,452,2,3,5,1636.28,1
G5,L2,M4,M3,L1,453,2,4,6,2159.46,1
G5,L2,M4,M3,L2,454,2,4,6,2034.04,1
G5,L2,M4,Yok,L2,455,2,2,3,1146.3,1
G5,L2,M5,M1,L1,456,2,3,6,2099.5,1
G5,L2,M5,M1,L2,457,2,3,5,1636.28,1
G5,L2,M5,M3,L1,458,2,4,6,2159.46,1
G5,L2,M5,M3,L2,459,2,4,6,2034.04,1
G5,L2,M5,M7,L1,460,2,4,6,2122.44,1
G5,L2,M5,M7,L2,461,2,4,5,1811.92,1
G5,L2,M5,Yok,L1,462,2,2,5,1709.8,1
G5,L2,M5,Yok,L2,463,2,2,3,1146.3,1
G5,L2,M6,M9,L1,464,5,6,10,4191.22,1
G5,L2,M6,M9,L2,465,5,6,9,3687.88,1
G5,L2,M6,M10,L1,466,5,7,11,4391.22,1
G5,L2,M6,M10,L2,467,5,7,10,3887.88,1
G5,L2,M6,Yok,L1,468,5,5,9,3703.02,1
G5,L2,M6,Yok,L2,469,5,5,8,3199.7,1
G5,L2,L1,M3,L2,470,4,6,7,2772.64,1
G5,L2,L1,Yok,L1,471,4,4,5,1703.96,1
G5,L2,Kira10,Yok,L2,472,10,10,10,-2860,1
G5,L2,Kira6,Yok,L2,473,6,6,6,-1560,1
G5,L2,Kira8,Yok,L2,474,8,8,8,-2184,1
G5,L2,M7,M1,L1,475,3,4,6,2257.02,1
G5,L2,M7,M1,L2,476,3,4,5,1793.78,1
G5,L2,M7,M3,L1,477,3,4,6,2227.52,1
G5,L2,M7,M3,L2,478,3,4,6,2102.1,1
G5,L2,M7,M5,L2,479,3,4,5,1811.92,1
G5,L2,M7,Yok,L1,480,3,3,5,1756.26,1
G5,L2,M7,Yok,L2,481,3,3,4,1445.74,1
G5,L2,M8,M2,L1,482,6,8,10,4071.6,1
G5,L2,M8,M2,L2,483,6,8,12,4633.54,1
G5,L2,M8,Yok,L1,484,6,6,9,3417.5,1
G5,L2,M8,Yok,L2,485,6,6,10,3979.44,1
G5,L2,M9,M6,L1,486,4,6,10,4191.22,1
G5,L2,M9,M6,L2,487,4,6,9,3687.88,1
G5,L2,M9,Yok,L1,488,4,4,9,3299.66,1
G5,L2,M9,Yok,L2,489,4,4,8,2796.32,1
G5,L2,M10,M6,L1,490,5,7,11,4391.22,1
G5,L2,M10,M6,L2,491,5,7,10,3887.88,1
G5,L2,M10,Yok,L1,492,5,5,10,3499.66,1
G5,L2,M10,Yok,L2,493,5,5,9,2996.32,1
G5,L2,Yok,Yok,L1,494,2,2,2,457.6,1
G5,L2,Yok,Yok,L2,495,1,1,1,220,1
G9,L1,M1,M5,L1,496,4,5,7,2641.5,1
G9,L1,M1,M5,L2,497,4,5,6,2078,1
G9,L1,M1,M7,L1,498,4,5,7,2546.04,1
G9,L1,M1,M7,L2,499,4,5,6,2235.52,1
G9,L1,M1,Yok,L1,500,4,4,6,2138.02,1
G9,L1,M1,Yok,L2,501,4,4,5,1674.8,1
G9,L1,M2,M8,L1,502,4,6,9,3488.16,1
G9,L1,M2,M8,L2,503,4,6,10,4050.1,1
G9,L1,M2,Yok,L1,504,4,4,6,2430.7600000000002,1
G9,L1,M2,Yok,L2,505,4,4,8,2992.7,1
G9,L1,M3,M5,L1,506,3,5,7,2701.46,1
G9,L1,M3,M5,L2,507,3,5,6,2137.96,1
G9,L1,M3,L2,L2,508,3,5,6,2142.8200000000002,1
G9,L1,M3,M7,L1,509,3,5,7,2516.54,1
G9,L1,M3,M7,L2,510,3,5,6,2206.02,1
G9,L1,M3,Yok,L1,511,3,3,5,1860.18,1
G9,L1,M3,Yok,L2,512,3,3,5,1734.76,1
G9,L1,M4,Yok,L2,513,4,4,5,1688.3,1
G9,L1,M5,M1,L1,514,4,5,7,2641.5,1
G9,L1,M5,M3,L1,515,4,5,7,2701.46,1
G9,L1,M5,M7,L1,516,4,5,7,2664.44,1
G9,L1,M5,Yok,L1,517,4,4,6,2251.7800000000002,1
G9,L1,M5,Yok,L2,518,4,4,5,1688.3,1
G9,L1,M6,M9,L1,519,6,7,12,4673.04,1
G9,L1,M6,M9,L2,520,6,7,10,4169.72,1
G9,L1,M6,M10,L1,521,6,8,13,4873.04,1
G9,L1,M6,M10,L2,522,6,8,11,4369.72,1
G9,L1,M6,Yok,L1,523,6,6,11,4184.8599999999997,1
G9,L1,M6,Yok,L2,524,6,6,9,3681.52,1
G9,L1,L2,M3,L1,525,4,5,7,2772.64,1
G9,L1,L2,Yok,L2,526,4,4,5,1703.96,1
G9,L1,Kira10,Yok,L1,527,10,10,10,-2860,1
G9,L1,Kira6,Yok,L1,528,6,6,6,-1560,1
G9,L1,Kira8,Yok,L1,529,8,8,8,-2184,1
G9,L1,M7,M1,L1,530,3,5,7,2546.04,1
G9,L1,M7,M1,L2,531,3,5,6,2082.8200000000002,1
G9,L1,M7,M3,L1,532,3,5,7,2516.54,1
G9,L1,M7,M5,L1,533,3,5,7,2664.44,1
G9,L1,M7,M5,L2,534,3,5,6,2100.94,1
G9,L1,M7,Yok,L1,535,4,4,6,2045.28,1
G9,L1,M7,Yok,L2,536,4,4,5,1734.76,1
G9,L1,M8,M2,L1,537,4,6,9,3488.16,1
G9,L1,M8,M2,L2,538,4,6,10,4050.1,1
G9,L1,M8,Yok,L1,539,4,4,8,2834.04,1
G9,L1,M8,Yok,L2,540,4,4,9,3396,1
G9,L1,M9,M6,L1,541,6,7,12,4673.04,1
G9,L1,M9,M6,L2,542,6,7,10,4169.72,1
G9,L1,M9,Yok,L1,543,6,6,10,3781.5,1
G9,L1,M9,Yok,L2,544,6,6,9,3278.16,1
G9,L1,M10,M6,L1,545,7,8,13,4873.04,1
G9,L1,M10,M6,L2,546,7,8,11,4369.72,1
G9,L1,M10,Yok,L1,547,7,7,11,3981.5,1
G9,L1,M10,Yok,L2,548,7,7,10,3478.16,1
G9,L1,Yok,Yok,L1,549,1,1,1,220,1
G9,L1,Yok,Yok,L2,550,2,2,2,915.2,1
G9,L2,M1,M5,L2,551,2,4,5,1636.28,1
G9,L2,M1,M7,L1,552,2,4,6,2104.3200000000002,1
G9,L2,M1,M7,L2,553,2,4,5,1793.78,1
G9,L2,M1,Yok,L1,554,3,3,5,1696.3,1
G9,L2,M1,Yok,L2,555,3,3,4,1233.06,1
G9,L2,M2,M8,L1,556,5,7,10,4071.6,1
G9,L2,M2,M8,L2,557,5,7,12,4633.54,1
G9,L2,M2,Yok,L1,558,5,5,8,3014.2,1
G9,L2,M2,Yok,L2,559,5,5,9,3576.14,1
G9,L2,M3,M5,L2,560,3,4,6,2034.04,1
G9,L2,M3,L1,L1,561,3,5,6,2142.8200000000002,1
G9,L2,M3,M7,L2,562,3,4,6,2102.1,1
G9,L2,M3,Yok,L1,563,3,3,5,1756.26,1
G9,L2,M3,Yok,L2,564,3,3,5,1630.82,1
G9,L2,M4,Yok,L2,565,2,2,3,1146.3,1
G9,L2,M5,M1,L1,566,2,3,6,2099.5,1
G9,L2,M5,M1,L2,567,2,3,5,1636.28,1
G9,L2,M5,M3,L1,568,2,4,6,2159.46,1
G9,L2,M5,M3,L2,569,2,4,6,2034.04,1
G9,L2,M5,M7,L1,570,2,4,6,2122.44,1
G9,L2,M5,M7,L2,571,2,4,5,1811.92,1
G9,L2,M5,Yok,L1,572,2,2,5,1709.8,1
G9,L2,M5,Yok,L2,573,2,2,3,1146.3,1
G9,L2,M6,M9,L1,574,5,6,10,4191.22,1
G9,L2,M6,M9,L2,575,5,6,9,3687.88,1
G9,L2,M6,M10,L1,576,5,7,11,4391.22,1
G9,L2,M6,M10,L2,577,5,7,10,3887.88,1
G9,L2,M6,Yok,L1,578,5,5,9,3703.02,1
G9,L2,M6,Yok,L2,579,5,5,8,3199.7,1
G9,L2,L1,M3,L2,580,4,6,7,2772.64,1
G9,L2,L1,Yok,L1,581,4,4,5,1703.96,1
G9,L2,Kira10,Yok,L2,582,10,10,10,-2860,1
G9,L2,Kira6,Yok,L2,583,6,6,6,-1560,1
G9,L2,Kira8,Yok,L2,584,8,8,8,-2184,1
G9,L2,M7,M1,L1,585,3,4,6,2257.02,1
G9,L2,M7,M1,L2,586,3,4,5,1793.78,1
G9,L2,M7,M3,L1,587,3,4,6,2227.52,1
G9,L2,M7,M3,L2,588,3,4,6,2102.1,1
G9,L2,M7,M5,L2,589,3,4,5,1811.92,1
G9,L2,M7,Yok,L1,590,3,3,5,1756.26,1
G9,L2,M7,Yok,L2,591,3,3,4,1445.74,1
G9,L2,M8,M2,L1,592,6,8,10,4071.6,1
G9,L2,M8,M2,L2,593,6,8,12,4633.54,1
G9,L2,M8,Yok,L1,594,6,6,9,3417.5,1
G9,L2,M8,Yok,L2,595,6,6,10,3979.44,1
G9,L2,M9,M6,L1,596,4,6,10,8382.44,1
G9,L2,M9,M6,L2,597,4,6,9,7375.76,1
G9,L2,M9,Yok,L1,598,4,4,9,6599.32,1
G9,L2,M9,Yok,L2,599,4,4,8,5592.64,1
G9,L2,M10,M6,L1,600,5,7,11,8782.44,1
G9,L2,M10,M6,L2,601,5,7,10,7775.76,1
G9,L2,M10,Yok,L1,602,5,5,10,6999.32,1
G9,L2,M10,Yok,L2,603,5,5,9,5992.64,1
G9,L2,Yok,Yok,L1,604,2,2,2,915.2,1
G9,L2,Yok,Yok,L2,605,1,1,1,220,1
G6,L1,M1,M4,L2,606,4,5,6,1530.92,1
G6,L1,M1,M5,L1,607,4,5,7,1984.06,1
G6,L1,M1,M5,L2,608,4,5,6,1530.92,1
G6,L1,M1,M7,L1,609,4,5,7,1902.08,1
G6,L1,M1,M7,L2,610,4,5,6,1661.08,1
G6,L1,M1,Yok,L1,611,4,4,6,1621.3,1
G6,L1,M1,Yok,L2,612,4,4,5,1252.24,1
G6,L1,M2,M8,L1,613,4,6,9,2667.22,1
G6,L1,M2,M8,L2,614,4,6,11,3119.08,1
G6,L1,M2,Yok,L1,615,4,4,6,1820.36,1
G6,L1,M2,Yok,L2,616,4,4,8,2272.2199999999998,1
G6,L1,M3,M4,L2,617,3,5,6,1577.4,1
G6,L1,M3,M5,L1,618,3,5,8,2030.54,1
G6,L1,M3,M5,L2,619,3,5,6,1577.4,1
G6,L1,M3,L2,L2,620,3,5,6,1577.8,1
G6,L1,M3,M7,L1,621,3,5,7,1873.52,1
G6,L1,M3,M7,L2,622,3,5,6,1632.52,1
G6,L1,M3,Yok,L1,623,3,3,5,1384.5,1
G6,L1,M3,Yok,L2,624,3,3,5,1298.72,1
G6,L1,M4,M1,L1,625,4,5,7,1984.06,1
G6,L1,M4,M3,L1,626,4,5,8,2030.54,1
G6,L1,M4,Yok,L2,627,4,4,5,1240.2,1
G6,L1,M5,M1,L1,628,4,5,7,1984.06,1
G6,L1,M5,M3,L1,629,4,5,8,2030.54,1
G6,L1,M5,M7,L1,630,4,5,7,1978,1
G6,L1,M5,Yok,L1,631,4,4,7,1693.34,1
G6,L1,M5,Yok,L2,632,4,4,5,1240.2,1
G6,L1,M6,M9,L1,633,6,8,12,3543.28,1
G6,L1,M6,M9,L2,634,6,8,11,3140.6,1
G6,L1,M6,M10,L1,635,6,9,13,3743.28,1
G6,L1,M6,M10,L2,636,6,9,12,3340.6,1
G6,L1,M6,Yok,L1,637,6,6,11,3195.7,1
G6,L1,M6,Yok,L2,638,6,6,10,2793.02,1
G6,L1,L2,M3,L1,639,4,6,8,2086.56,1
G6,L1,L2,Yok,L2,640,4,4,5,1249.6600000000001,1
G6,L1,Kira10,Yok,L1,641,10,10,10,-1870.0000000000002,1
G6,L1,Kira6,Yok,L1,642,6,6,6,-1020,1
G6,L1,Kira8,Yok,L1,643,8,8,8,-1428,1
G6,L1,M7,M1,L1,644,4,5,7,1902.08,1
G6,L1,M7,M1,L2,645,4,5,6,1533.02,1
G6,L1,M7,M3,L1,646,4,5,7,1873.52,1
G6,L1,M7,M5,L1,647,4,5,7,1978,1
G6,L1,M7,M5,L2,648,4,5,6,1524.84,1
G6,L1,M7,Yok,L1,649,4,4,6,1518.22,1
G6,L1,M7,Yok,L2,650,4,4,5,1277.22,1
G6,L1,M8,M2,L1,651,5,7,9,2667.22,1
G6,L1,M8,M2,L2,652,5,7,11,3119.08,1
G6,L1,M8,Yok,L1,653,5,5,8,2240.06,1
G6,L1,M8,Yok,L2,654,5,5,10,2691.92,1
G6,L1,M9,M6,L1,655,6,7,12,3543.28,1
G6,L1,M9,M6,L2,656,6,7,11,3140.6,1
G6,L1,M9,Yok,L1,657,6,6,11,2935.02,1
G6,L1,M9,Yok,L2,658,6,6,9,2532.3200000000002,1
G6,L1,M10,M6,L1,659,7,8,13,3743.28,1
G6,L1,M10,M6,L2,660,7,8,12,3340.6,1
G6,L1,M10,Yok,L1,661,7,7,12,3135.02,1
G6,L1,M10,Yok,L2,662,7,7,10,2732.32,1
G6,L1,Yok,Yok,L1,663,1,1,1,170,1
G6,L1,Yok,Yok,L2,664,2,2,2,448.08,1
G6,L2,M1,M4,L2,665,2,4,5,1161.8599999999999,1
G6,L2,M1,M5,L2,666,2,4,5,1161.8599999999999,1
G6,L2,M1,M7,L1,667,2,4,6,1533.02,1
G6,L2,M1,M7,L2,668,2,4,5,1292.02,1
G6,L2,M1,Yok,L1,669,3,3,5,1252.24,1
G6,L2,M1,Yok,L2,670,3,3,4,883.18,1
G6,L2,M2,M8,L1,671,5,7,11,3119.08,1
G6,L2,M2,M8,L2,672,5,7,12,3570.92,1
G6,L2,M2,Yok,L1,673,5,5,8,2272.2199999999998,1
G6,L2,M2,Yok,L2,674,5,5,10,2724.06,1
G6,L2,M3,M4,L2,675,3,5,6,1491.62,1
G6,L2,M3,M5,L2,676,3,5,6,1491.62,1
G6,L2,M3,L1,L1,677,3,5,6,1577.8,1
G6,L2,M3,M7,L2,678,3,4,6,1546.76,1
G6,L2,M3,Yok,L1,679,3,3,5,1298.72,1
G6,L2,M3,Yok,L2,680,3,3,5,1212.96,1
G6,L2,M4,M1,L1,681,2,3,6,1530.92,1
G6,L2,M4,M1,L2,682,2,3,5,1161.8599999999999,1
G6,L2,M4,M3,L1,683,2,4,6,1577.4,1
G6,L2,M4,M3,L2,684,2,4,6,1491.62,1
G6,L2,M4,Yok,L2,685,2,2,3,787.06,1
G6,L2,M5,M1,L1,686,2,3,6,1530.92,1
G6,L2,M5,M1,L2,687,2,3,5,1161.8599999999999,1
G6,L2,M5,M3,L1,688,2,4,6,1577.4,1
G6,L2,M5,M3,L2,689,2,4,6,1491.62,1
G6,L2,M5,M7,L1,690,2,4,6,1524.84,1
G6,L2,M5,M7,L2,691,2,4,5,1283.8599999999999,1
G6,L2,M5,Yok,L1,692,2,2,5,1240.2,1
G6,L2,M5,Yok,L2,693,2,2,3,787.06,1
G6,L2,M6,M9,L1,694,5,6,11,3140.6,1
G6,L2,M6,M9,L2,695,5,6,10,2737.9,1
G6,L2,M6,M10,L1,696,5,7,12,3340.6,1
G6,L2,M6,M10,L2,697,5,7,11,2937.9,1
G6,L2,M6,Yok,L1,698,5,5,10,2793.02,1
G6,L2,M6,Yok,L2,699,5,5,8,2390.3200000000002,1
G6,L2,L1,M3,L2,700,4,6,8,2086.56,1
G6,L2,L1,Yok,L1,701,4,4,5,1249.6600000000001,1
G6,L2,Kira10,Yok,L2,702,10,10,10,-1870.0000000000002,1
G6,L2,Kira6,Yok,L2,703,6,6,6,-1020,1
G6,L2,Kira8,Yok,L2,704,8,8,8,-1428,1
G6,L2,M7,M1,L1,705,3,4,6,1661.08,1
G6,L2,M7,M1,L2,706,3,4,5,1292.02,1
G6,L2,M7,M3,L1,707,3,4,6,1632.52,1
G6,L2,M7,M3,L2,708,3,4,6,1546.76,1
G6,L2,M7,M5,L2,709,3,4,5,1283.8599999999999,1
G6,L2,M7,Yok,L1,710,3,3,5,1277.22,1
G6,L2,M7,Yok,L2,711,3,3,4,1036.22,1
G6,L2,M8,M2,L1,712,6,8,11,3119.08,1
G6,L2,M8,M2,L2,713,6,8,12,3570.92,1
G6,L2,M8,Yok,L1,714,6,6,10,2691.92,1
G6,L2,M8,Yok,L2,715,6,6,11,3143.76,1
G6,L2,M9,M6,L1,716,4,6,11,3140.6,1
G6,L2,M9,M6,L2,717,4,6,10,2737.9,1
G6,L2,M9,Yok,L1,718,5,5,9,2532.3200000000002,1
G6,L2,M9,Yok,L2,719,5,5,8,2129.64,1
G6,L2,M10,M6,L1,720,5,7,12,3340.6,1
G6,L2,M10,M6,L2,721,5,7,11,2937.9,1
G6,L2,M10,Yok,L1,722,6,6,10,2732.32,1
G6,L2,M10,Yok,L2,723,6,6,9,2329.64,1
G6,L2,Yok,Yok,L1,724,2,2,2,448.08,1
G6,L2,Yok,Yok,L2,725,1,1,1,170,1
G7,L1,M1,M4,L2,726,4,5,6,1835.32,1
G7,L1,M1,M5,L1,727,4,5,7,2336.7399999999998,1
G7,L1,M1,M5,L2,728,4,5,6,1835.32,1
G7,L1,M1,M7,L1,729,4,5,7,2254.3200000000002,1
G7,L1,M1,M7,L2,730,4,5,6,1979.14,1
G7,L1,M1,Yok,L1,731,4,4,6,1888.16,1
G7,L1,M1,Yok,L2,732,4,4,5,1476.4,1
G7,L1,M2,M8,L1,733,4,6,9,3123.62,1
G7,L1,M2,M8,L2,734,4,6,10,3623.68,1
G7,L1,M2,Yok,L1,735,4,4,6,2176.66,1
G7,L1,M2,Yok,L2,736,4,4,8,2676.72,1
G7,L1,M3,M4,L2,737,3,5,6,1893.48,1
G7,L1,M3,M5,L1,738,3,5,7,2394.92,1
G7,L1,M3,M5,L2,739,3,5,6,1893.48,1
G7,L1,M3,L2,L2,740,3,5,6,1899.66,1
G7,L1,M3,M7,L1,741,3,5,7,2232.48,1
G7,L1,M3,M7,L2,742,3,5,6,1957.3,1
G7,L1,M3,Yok,L1,743,3,3,5,1644.22,1
G7,L1,M3,Yok,L2,744,3,3,5,1534.58,1
G7,L1,M4,M1,L1,745,4,5,7,2336.7399999999998,1
G7,L1,M4,M3,L1,746,4,5,7,2394.92,1
G7,L1,M4,Yok,L2,747,4,4,5,1490.08,1
G7,L1,M5,M1,L1,748,4,5,7,2336.7399999999998,1
G7,L1,M5,M3,L1,749,4,5,7,2394.92,1
G7,L1,M5,M7,L1,750,4,5,7,2361.8200000000002,1
G7,L1,M5,Yok,L1,751,4,4,6,1991.5,1
G7,L1,M5,Yok,L2,752,4,4,5,1490.08,1
G7,L1,M6,M9,L1,753,6,7,12,4176.6000000000004,1
G7,L1,M6,M9,L2,754,6,7,10,3728.96,1
G7,L1,M6,M10,L1,755,6,8,13,4376.6000000000004,1
G7,L1,M6,M10,L2,756,6,8,11,3928.96,1
G7,L1,M6,Yok,L1,757,6,6,11,3737.6,1
G7,L1,M6,Yok,L2,758,6,6,9,3289.96,1
G7,L1,L2,M3,L1,759,4,5,7,2460.4,1
G7,L1,L2,Yok,L2,760,4,4,5,1505.9,1
G7,L1,Kira10,Yok,L1,761,10,10,10,-2420.0000000000005,1
G7,L1,Kira6,Yok,L1,762,6,6,6,-1320,1
G7,L1,Kira8,Yok,L1,763,8,8,8,-1848,1
G7,L1,M7,M1,L1,764,3,5,7,2254.3200000000002,1
G7,L1,M7,M1,L2,765,3,5,6,1842.56,1
G7,L1,M7,M3,L1,766,3,5,7,2232.48,1
G7,L1,M7,M5,L1,767,3,5,7,2361.8200000000002,1
G7,L1,M7,M5,L2,768,3,5,6,1860.38,1
G7,L1,M7,Yok,L1,769,4,4,6,1809.76,1
G7,L1,M7,Yok,L2,770,4,4,5,1534.58,1
G7,L1,M8,M2,L1,771,4,6,9,3123.62,1
G7,L1,M8,M2,L2,772,4,6,10,3623.68,1
G7,L1,M8,Yok,L1,773,4,4,8,2520.34,1
G7,L1,M8,Yok,L2,774,4,4,9,3020.4,1
G7,L1,M9,M6,L1,775,6,7,12,4176.6000000000004,1
G7,L1,M9,M6,L2,776,6,7,10,3728.96,1
G7,L1,M9,Yok,L1,777,6,6,10,3358.66,1
G7,L1,M9,Yok,L2,778,6,6,9,2911.02,1
G7,L1,M10,M6,L1,779,7,8,13,4376.6000000000004,1
G7,L1,M10,M6,L2,780,7,8,11,3928.96,1
G7,L1,M10,Yok,L1,781,7,7,11,3558.66,1
G7,L1,M10,Yok,L2,782,7,7,10,3111.02,1
G7,L1,Yok,Yok,L1,783,1,1,1,220,1
G7,L1,Yok,Yok,L2,784,2,2,2,457.6,1
G7,L2,M1,M4,L2,785,2,4,5,1445.06,1
G7,L2,M1,M5,L2,786,2,4,5,1445.06,1
G7,L2,M1,M7,L1,787,2,4,6,1864.06,1
G7,L2,M1,M7,L2,788,2,4,5,1588.88,1
G7,L2,M1,Yok,L1,789,3,3,5,1497.9,1
G7,L2,M1,Yok,L2,790,3,3,4,1086.1400000000001,1
G7,L2,M2,M8,L1,791,5,7,10,3645.18,1
G7,L2,M2,M8,L2,792,5,7,12,4145.24,1
G7,L2,M2,Yok,L1,793,5,5,8,2698.22,1
G7,L2,M2,Yok,L2,794,5,5,9,3198.26,1
G7,L2,M3,M4,L2,795,3,4,6,1805.36,1
G7,L2,M3,M5,L2,796,3,4,6,1805.36,1
G7,L2,M3,L1,L1,797,3,5,6,1899.66,1
G7,L2,M3,M7,L2,798,3,4,6,1869.18,1
G7,L2,M3,Yok,L1,799,3,3,5,1556.08,1
G7,L2,M3,Yok,L2,800,3,3,5,1446.44,1
G7,L2,M4,M1,L1,801,2,3,6,1856.82,1
G7,L2,M4,M1,L2,802,2,3,5,1445.06,1
G7,L2,M4,M3,L1,803,2,4,6,1914.98,1
G7,L2,M4,M3,L2,804,2,4,6,1805.36,1
G7,L2,M4,Yok,L2,805,2,2,3,1010.14,1
G7,L2,M5,M1,L1,806,2,3,6,1856.82,1
G7,L2,M5,M1,L2,807,2,3,5,1445.06,1
G7,L2,M5,M3,L1,808,2,4,6,1914.98,1
G7,L2,M5,M3,L2,809,2,4,6,1805.36,1
G7,L2,M5,M7,L1,810,2,4,6,1881.88,1
G7,L2,M5,M7,L2,811,2,4,5,1606.7,1
G7,L2,M5,Yok,L1,812,2,2,5,1511.58,1
G7,L2,M5,Yok,L2,813,2,2,3,1010.14,1
G7,L2,M6,M9,L1,814,5,6,10,3750.46,1
G7,L2,M6,M9,L2,815,5,6,9,3302.84,1
G7,L2,M6,M10,L1,816,5,7,11,3950.46,1
G7,L2,M6,M10,L2,817,5,7,10,3502.84,1
G7,L2,M6,Yok,L1,818,5,5,9,3311.46,1
G7,L2,M6,Yok,L2,819,5,5,8,2863.84,1
G7,L2,L1,M3,L2,820,4,6,7,2460.4,1
G7,L2,L1,Yok,L1,821,4,4,5,1505.9,1
G7,L2,Kira10,Yok,L2,822,10,10,10,-2420.0000000000005,1
G7,L2,Kira6,Yok,L2,823,6,6,6,-1320,1
G7,L2,Kira8,Yok,L2,824,8,8,8,-1848,1
G7,L2,M7,M1,L1,825,3,4,6,2000.64,1
G7,L2,M7,M1,L2,826,3,4,5,1588.88,1
G7,L2,M7,M3,L1,827,3,4,6,1978.8,1
G7,L2,M7,M3,L2,828,3,4,6,1869.18,1
G7,L2,M7,M5,L2,829,3,4,5,1606.7,1
G7,L2,M7,Yok,L1,830,3,3,5,1556.08,1
G7,L2,M7,Yok,L2,831,3,3,4,1280.9000000000001,1
G7,L2,M8,M2,L1,832,6,8,10,3645.18,1
G7,L2,M8,M2,L2,833,6,8,12,4145.24,1
G7,L2,M8,Yok,L1,834,6,6,9,3041.9,1
G7,L2,M8,Yok,L2,835,6,6,10,3541.94,1
G7,L2,M9,M6,L1,836,4,6,10,3750.46,1
G7,L2,M9,M6,L2,837,4,6,9,3302.84,1
G7,L2,M9,Yok,L1,838,4,4,9,2932.52,1
G7,L2,M9,Yok,L2,839,4,4,8,2484.9,1
G7,L2,M10,M6,L1,840,5,7,11,3950.46,1
G7,L2,M10,M6,L2,841,5,7,10,3502.84,1
G7,L2,M10,Yok,L1,842,5,5,10,3132.52,1
G7,L2,M10,Yok,L2,843,5,5,9,2684.9,1
G7,L2,Yok,Yok,L1,844,2,2,2,457.6,1
G7,L2,Yok,Yok,L2,845,1,1,1,220,1
G8,L1,M1,M4,L2,846,4,5,6,2078,1
G8,L1,M1,M5,L1,847,4,5,7,2641.5,1
G8,L1,M1,M5,L2,848,4,5,6,2078,1
G8,L1,M1,M7,L1,849,4,5,7,2546.04,1
G8,L1,M1,M7,L2,850,4,5,6,2235.52,1
G8,L1,M1,Yok,L1,851,4,4,6,2138.02,1
G8,L1,M1,Yok,L2,852,4,4,5,1674.8,1
G8,L1,M2,M8,L1,853,4,6,9,3488.16,1
G8,L1,M2,M8,L2,854,4,6,10,4050.1,1
G8,L1,M2,Yok,L1,855,4,4,6,2430.7600000000002,1
G8,L1,M2,Yok,L2,856,4,4,8,2992.7,1
G8,L1,M3,M4,L2,857,3,5,6,2137.96,1
G8,L1,M3,M5,L1,858,3,5,7,2701.46,1
G8,L1,M3,M5,L2,859,3,5,6,2137.96,1
G8,L1,M3,L2,L2,860,3,5,6,2142.8200000000002,1
G8,L1,M3,M7,L1,861,3,5,7,2516.54,1
G8,L1,M3,M7,L2,862,3,5,6,2206.02,1
G8,L1,M3,Yok,L1,863,3,3,5,1860.18,1
G8,L1,M3,Yok,L2,864,3,3,5,1734.76,1
G8,L1,M4,M1,L1,865,4,5,7,2641.5,1
G8,L1,M4,M3,L1,866,4,5,7,2701.46,1
G8,L1,M4,Yok,L2,867,4,4,5,1688.3,1
G8,L1,M5,M1,L1,868,4,5,7,2641.5,1
G8,L1,M5,M3,L1,869,4,5,7,2701.46,1
G8,L1,M5,M7,L1,870,4,5,7,2664.44,1
G8,L1,M5,Yok,L1,871,4,4,6,2251.7800000000002,1
G8,L1,M5,Yok,L2,872,4,4,5,1688.3,1
G8,L1,M6,M9,L1,873,6,7,12,4673.04,1
G8,L1,M6,M9,L2,874,6,7,10,4169.72,1
G8,L1,M6,M10,L1,875,6,8,13,4873.04,1
G8,L1,M6,M10,L2,876,6,8,11,4369.72,1
G8,L1,M6,Yok,L1,877,6,6,11,4184.8599999999997,1
G8,L1,M6,Yok,L2,878,6,6,9,3681.52,1
G8,L1,L2,M3,L1,879,4,5,7,2772.64,1
G8,L1,L2,Yok,L2,880,4,4,5,1703.96,1
G8,L1,Kira10,Yok,L1,881,10,10,10,-2860,1
G8,L1,Kira6,Yok,L1,882,6,6,6,-1560,1
G8,L1,Kira8,Yok,L1,883,8,8,8,-2184,1
G8,L1,M7,M1,L1,884,3,5,7,2546.04,1
G8,L1,M7,M1,L2,885,3,5,6,2082.8200000000002,1
G8,L1,M7,M3,L1,886,3,5,7,2516.54,1
G8,L1,M7,M5,L1,887,3,5,7,2664.44,1
G8,L1,M7,M5,L2,888,3,5,6,2100.94,1
G8,L1,M7,Yok,L1,889,4,4,6,2045.28,1
G8,L1,M7,Yok,L2,890,4,4,5,1734.76,1
G8,L1,M8,M2,L1,891,4,6,9,3488.16,1
G8,L1,M8,M2,L2,892,4,6,10,4050.1,1
G8,L1,M8,Yok,L1,893,4,4,8,2834.04,1
G8,L1,M8,Yok,L2,894,4,4,9,3396,1
G8,L1,M9,M6,L1,895,6,7,12,4673.04,1
G8,L1,M9,M6,L2,896,6,7,10,4169.72,1
G8,L1,M9,Yok,L1,897,6,6,10,3781.5,1
G8,L1,M9,Yok,L2,898,6,6,9,3278.16,1
G8,L1,M10,M6,L1,899,7,8,13,4873.04,1
G8,L1,M10,M6,L2,900,7,8,11,4369.72,1
G8,L1,M10,Yok,L1,901,7,7,11,3981.5,1
G8,L1,M10,Yok,L2,902,7,7,10,3478.16,1
G8,L1,Yok,Yok,L1,903,1,1,1,220,1
G8,L1,Yok,Yok,L2,904,2,2,2,457.6,1
G8,L2,M1,M4,L2,905,2,4,5,1636.28,1
G8,L2,M1,M5,L2,906,2,4,5,1636.28,1
G8,L2,M1,M7,L1,907,2,4,6,2104.3200000000002,1
G8,L2,M1,M7,L2,908,2,4,5,1793.78,1
G8,L2,M1,Yok,L1,909,3,3,5,1696.3,1
G8,L2,M1,Yok,L2,910,3,3,4,1233.06,1
G8,L2,M2,M8,L1,911,5,7,10,4071.6,1
G8,L2,M2,M8,L2,912,5,7,12,4633.54,1
G8,L2,M2,Yok,L1,913,5,5,8,3014.2,1
G8,L2,M2,Yok,L2,914,5,5,9,3576.14,1
G8,L2,M3,M4,L2,915,3,4,6,2034.04,1
G8,L2,M3,M5,L2,916,3,4,6,2034.04,1
G8,L2,M3,L1,L1,917,3,5,6,2142.8200000000002,1
G8,L2,M3,M7,L2,918,3,4,6,2102.1,1
G8,L2,M3,Yok,L1,919,3,3,5,1756.26,1
G8,L2,M3,Yok,L2,920,3,3,5,1630.82,1
G8,L2,M4,M1,L1,921,2,3,6,2099.5,1
G8,L2,M4,M1,L2,922,2,3,5,1636.28,1
G8,L2,M4,M3,L1,923,2,4,6,2159.46,1
G8,L2,M4,M3,L2,924,2,4,6,2034.04,1
G8,L2,M4,Yok,L2,925,2,2,3,1146.3,1
G8,L2,M5,M1,L1,926,2,3,6,2099.5,1
G8,L2,M5,M1,L2,927,2,3,5,1636.28,1
G8,L2,M5,M3,L1,928,2,4,6,2159.46,1
G8,L2,M5,M3,L2,929,2,4,6,2034.04,1
G8,L2,M5,M7,L1,930,2,4,6,2122.44,1
G8,L2,M5,M7,L2,931,2,4,5,1811.92,1
G8,L2,M5,Yok,L1,932,2,2,5,1709.8,1
G8,L2,M5,Yok,L2,933,2,2,3,1146.3,1
G8,L2,M6,M9,L1,934,5,6,10,4191.22,1
G8,L2,M6,M9,L2,935,5,6,9,3687.88,1
G8,L2,M6,M10,L1,936,5,7,11,4391.22,1
G8,L2,M6,M10,L2,937,5,7,10,3887.88,1
G8,L2,M6,Yok,L1,938,5,5,9,3703.02,1
G8,L2,M6,Yok,L2,939,5,5,8,3199.7,1
G8,L2,L1,M3,L2,940,4,6,7,2772.64,1
G8,L2,L1,Yok,L1,941,4,4,5,1703.96,1
G8,L2,Kira10,Yok,L2,942,10,10,10,-2860,1
G8,L2,Kira6,Yok,L2,943,6,6,6,-1560,1
G8,L2,Kira8,Yok,L2,944,8,8,8,-2184,1
G8,L2,M7,M1,L1,945,3,4,6,2257.02,1
G8,L2,M7,M1,L2,946,3,4,5,1793.78,1
G8,L2,M7,M3,L1,947,3,4,6,2227.52,1
G8,L2,M7,M3,L2,948,3,4,6,2102.1,1
G8,L2,M7,M5,L2,949,3,4,5,1811.92,1
G8,L2,M7,Yok,L1,950,3,3,5,1756.26,1
G8,L2,M7,Yok,L2,951,3,3,4,1445.74,1
G8,L2,M8,M2,L1,952,6,8,10,4071.6,1
G8,L2,M8,M2,L2,953,6,8,12,4633.54,1
G8,L2,M8,Yok,L1,954,6,6,9,3417.5,1
G8,L2,M8,Yok,L2,955,6,6,10,3979.44,1
G8,L2,M9,M6,L1,956,4,6,10,4191.22,1
G8,L2,M9,M6,L2,957,4,6,9,3687.88,1
G8,L2,M9,Yok,L1,958,4,4,9,3299.66,1
G8,L2,M9,Yok,L2,959,4,4,8,2796.32,1
G8,L2,M10,M6,L1,960,5,7,11,4391.22,1
G8,L2,M10,M6,L2,961,5,7,10,3887.88,1
G8,L2,M10,Yok,L1,962,5,5,10,3499.66,1
G8,L2,M10,Yok,L2,963,5,5,9,2996.32,1
G8,L2,Yok,Yok,L1,964,2,2,2,457.6,1
G8,L2,Yok,Yok,L2,965,1,1,1,220,1
G10,L1,M1,M5,L1,966,4,5,7,5283,1
G10,L1,M1,M5,L2,967,4,5,6,4156,1
G10,L1,M1,M7,L1,968,4,5,7,5092.08,1
G10,L1,M1,M7,L2,969,4,5,6,4471.04,1
G10,L1,M1,Yok,L1,970,4,4,6,4276.04,1
G10,L1,M1,Yok,L2,971,4,4,5,3349.6,1
G10,L1,M2,M8,L1,972,4,6,9,6976.32,1
G10,L1,M2,M8,L2,973,4,6,10,8100.2,1
G10,L1,M2,Yok,L1,974,4,4,6,4861.5200000000004,1
G10,L1,M2,Yok,L2,975,4,4,8,5985.4,1
G10,L1,M3,M5,L1,976,3,5,7,5402.92,1
G10,L1,M3,M5,L2,977,3,5,6,4275.92,1
G10,L1,M3,L2,L2,978,3,5,6,4285.6400000000003,1
G10,L1,M3,M7,L1,979,3,5,7,5033.08,1
G10,L1,M3,M7,L2,980,3,5,6,4412.04,1
G10,L1,M3,Yok,L1,981,3,3,5,3720.36,1
G10,L1,M3,Yok,L2,982,3,3,5,3469.52,1
G10,L1,M4,Yok,L2,983,4,4,5,3376.6,1
G10,L1,M5,M1,L1,984,4,5,7,5283,1
G10,L1,M5,M3,L1,985,4,5,7,5402.92,1
G10,L1,M5,M7,L1,986,4,5,7,5328.88,1
G10,L1,M5,Yok,L1,987,4,4,6,4503.5600000000004,1
G10,L1,M5,Yok,L2,988,4,4,5,3376.6,1
G10,L1,M6,M9,L1,989,6,7,12,9346.08,1
G10,L1,M6,M9,L2,990,6,7,10,8339.44,1
G10,L1,M6,M10,L1,991,6,8,13,9746.08,1
G10,L1,M6,M10,L2,992,6,8,11,8739.44,1
G10,L1,M6,Yok,L1,993,6,6,11,8369.7199999999993,1
G10,L1,M6,Yok,L2,994,6,6,9,7363.04,1
G10,L1,L2,M3,L1,995,4,5,7,5545.28,1
G10,L1,L2,Yok,L2,996,4,4,5,3407.92,1
G10,L1,Kira10,Yok,L1,997,10,10,10,-5720,1
G10,L1,Kira6,Yok,L1,998,6,6,6,-3120,1
G10,L1,Kira8,Yok,L1,999,8,8,8,-4368,1
G10,L1,M7,M1,L1,1000,3,5,7,5092.08,1
G10,L1,M7,M1,L2,1001,3,5,6,4165.6400000000003,1
G10,L1,M7,M3,L1,1002,3,5,7,5033.08,1
G10,L1,M7,M5,L1,1003,3,5,7,5328.88,1
G10,L1,M7,M5,L2,1004,3,5,6,4201.88,1
G10,L1,M7,Yok,L1,1005,4,4,6,4090.56,1
G10,L1,M7,Yok,L2,1006,4,4,5,3469.52,1
G10,L1,M8,M2,L1,1007,4,6,9,6976.32,1
G10,L1,M8,M2,L2,1008,4,6,10,8100.2,1
G10,L1,M8,Yok,L1,1009,4,4,8,5668.08,1
G10,L1,M8,Yok,L2,1010,4,4,9,6792,1
G10,L1,M9,M6,L1,1011,6,7,12,9346.08,1
G10,L1,M9,M6,L2,1012,6,7,10,8339.44,1
G10,L1,M9,Yok,L1,1013,6,6,10,7563,1
G10,L1,M9,Yok,L2,1014,6,6,9,6556.32,1
G10,L1,M10,M6,L1,1015,7,8,13,9746.08,1
G10,L1,M10,M6,L2,1016,7,8,11,8739.44,1
G10,L1,M10,Yok,L1,1017,7,7,11,7963,1
G10,L1,M10,Yok,L2,1018,7,7,10,6956.32,1
G10,L1,Yok,Yok,L1,1019,1,1,1,440,1
G10,L1,Yok,Yok,L2,1020,2,2,2,915.2,1
G10,L2,M1,M5,L2,1021,2,4,5,3272.56,1
G10,L2,M1,M7,L1,1022,2,4,6,4208.6400000000003,1
G10,L2,M1,M7,L2,1023,2,4,5,3587.56,1
G10,L2,M1,Yok,L1,1024,3,3,5,3392.6,1
G10,L2,M1,Yok,L2,1025,3,3,4,2466.12,1
G10,L2,M2,M8,L1,1026,5,7,10,8143.2,1
G10,L2,M2,M8,L2,1027,5,7,12,9267.08,1
G10,L2,M2,Yok,L1,1028,5,5,8,6028.4,1
G10,L2,M2,Yok,L2,1029,5,5,9,7152.28,1
G10,L2,M3,M5,L2,1030,3,4,6,4068.08,1
G10,L2,M3,L1,L1,1031,3,5,6,4285.6400000000003,1
G10,L2,M3,M7,L2,1032,3,4,6,4204.2,1
G10,L2,M3,Yok,L1,1033,3,3,5,3512.52,1
G10,L2,M3,Yok,L2,1034,3,3,5,3261.64,1
G10,L2,M4,Yok,L2,1035,2,2,3,2292.6,1
G10,L2,M5,M1,L1,1036,2,3,6,4199,1
G10,L2,M5,M1,L2,1037,2,3,5,3272.56,1
G10,L2,M5,M3,L1,1038,2,4,6,4318.92,1
G10,L2,M5,M3,L2,1039,2,4,6,4068.08,1
G10,L2,M5,M7,L1,1040,2,4,6,4244.88,1
G10,L2,M5,M7,L2,1041,2,4,5,3623.84,1
G10,L2,M5,Yok,L1,1042,2,2,5,3419.6,1
G10,L2,M5,Yok,L2,1043,2,2,3,2292.6,1
G10,L2,M6,M9,L1,1044,5,6,10,8382.44,1
G10,L2,M6,M9,L2,1045,5,6,9,7375.76,1
G10,L2,M6,M10,L1,1046,5,7,11,8782.44,1
G10,L2,M6,M10,L2,1047,5,7,10,7775.76,1
G10,L2,M6,Yok,L1,1048,5,5,9,7406.04,1
G10,L2,M6,Yok,L2,1049,5,5,8,6399.4,1
G10,L2,L1,M3,L2,1050,4,6,7,5545.28,1
G10,L2,L1,Yok,L1,1051,4,4,5,3407.92,1
G10,L2,Kira10,Yok,L2,1052,10,10,10,-5720,1
G10,L2,Kira6,Yok,L2,1053,6,6,6,-3120,1
G10,L2,Kira8,Yok,L2,1054,8,8,8,-4368,1
G10,L2,M7,M1,L1,1055,3,4,6,4514.04,1
G10,L2,M7,M1,L2,1056,3,4,5,3587.56,1
G10,L2,M7,M3,L1,1057,3,4,6,4455.04,1
G10,L2,M7,M3,L2,1058,3,4,6,4204.2,1
G10,L2,M7,M5,L2,1059,3,4,5,3623.84,1
G10,L2,M7,Yok,L1,1060,3,3,5,3512.52,1
G10,L2,M7,Yok,L2,1061,3,3,4,2891.48,1
G10,L2,M8,M2,L1,1062,6,8,10,8143.2,1
G10,L2,M8,M2,L2,1063,6,8,12,9267.08,1
G10,L2,M8,Yok,L1,1064,6,6,9,6835,1
G10,L2,M8,Yok,L2,1065,6,6,10,7958.88,1
G10,L2,M9,M6,L1,1066,4,6,10,8382.44,1
G10,L2,M9,M6,L2,1067,4,6,9,7375.76,1
G10,L2,M9,Yok,L1,1068,4,4,9,6599.32,1
G10,L2,M9,Yok,L2,1069,4,4,8,5592.64,1
G10,L2,M10,M6,L1,1070,5,7,11,8782.44,1
G10,L2,M10,M6,L2,1071,5,7,10,7775.76,1
G10,L2,M10,Yok,L1,1072,5,5,10,6999.32,1
G10,L2,M10,Yok,L2,1073,5,5,9,5992.64,1
G10,L2,Yok,Yok,L1,1074,2,2,2,915.2,1
G10,L2,Yok,Yok,L2,1075,1,1,1,440,1
G11,L1,M1,M4,L2,1076,4,5,6,2889.92,1
G11,L1,M1,M5,L1,1077,4,5,8,3737.52,1
G11,L1,M1,M5,L2,1078,4,5,6,2889.92,1
G11,L1,M1,M7,L1,1079,4,5,8,3593.14,1
G11,L1,M1,M7,L2,1080,4,5,7,3019.46,1
G11,L1,M1,Yok,L1,1081,4,4,7,3089.74,1
G11,L1,M1,Yok,L2,1082,4,4,5,2350.6999999999998,1
G11,L1,M2,M8,L1,1083,4,5,8,4089.32,1
G11,L1,M2,M8,L2,1084,4,5,10,4935.24,1
G11,L1,M2,Yok,L1,1085,4,4,6,2893.48,1
G11,L1,M2,Yok,L2,1086,4,4,8,3739.4,1
G11,L1,M3,M4,L2,1087,4,5,6,2919.04,1
G11,L1,M3,M5,L1,1088,4,5,8,3766.64,1
G11,L1,M3,M5,L2,1089,4,5,6,2919.04,1
G11,L1,M3,L2,L2,1090,4,5,6,2948.68,1
G11,L1,M3,M7,L1,1091,4,5,8,3525.38,1
G11,L1,M3,M7,L2,1092,4,5,6,2951.72,1
G11,L1,M3,Yok,L1,1093,4,4,6,2753.06,1
G11,L1,M3,Yok,L2,1094,4,4,5,2379.8200000000002,1
G11,L1,M4,M1,L1,1095,4,5,8,3737.52,1
G11,L1,M4,M3,L1,1096,4,6,8,3766.64,1
G11,L1,M4,Yok,L2,1097,4,4,5,2359.7800000000002,1
G11,L1,M5,M1,L1,1098,4,5,8,3737.52,1
G11,L1,M5,M3,L1,1099,4,6,8,3766.64,1
G11,L1,M5,M7,L1,1100,4,5,8,3715.8,1
G11,L1,M5,Yok,L1,1101,4,4,7,3207.38,1
G11,L1,M5,Yok,L2,1102,4,4,5,2359.7800000000002,1
G11,L1,M6,M9,L1,1103,7,8,13,6480.62,1
G11,L1,M6,M9,L2,1104,7,8,12,5698.16,1
G11,L1,M6,M10,L1,1105,7,9,14,6680.62,1
G11,L1,M6,M10,L2,1106,7,9,13,5898.16,1
G11,L1,M6,Yok,L1,1107,7,7,12,5869.8,1
G11,L1,M6,Yok,L2,1108,7,7,11,5087.3599999999997,1
G11,L1,L2,M3,L1,1109,4,6,8,3868.1,1
G11,L1,L2,Yok,L2,1110,4,4,5,2401.12,1
G11,L1,M7,M1,L1,1111,4,5,8,3593.14,1
G11,L1,M7,M1,L2,1112,4,5,6,2854.12,1
G11,L1,M7,M3,L1,1113,4,5,8,3525.38,1
G11,L1,M7,M5,L1,1114,4,5,8,3715.8,1
G11,L1,M7,M5,L2,1115,4,5,6,2868.2,1
G11,L1,M7,Yok,L1,1116,4,4,7,2942.76,1
G11,L1,M7,Yok,L2,1117,4,4,5,2369.08,1
G11,L1,M8,M2,L1,1118,4,6,8,4089.32,1
G11,L1,M8,M2,L2,1119,4,6,10,4935.24,1
G11,L1,M8,Yok,L1,1120,4,4,7,3311.3,1
G11,L1,M8,Yok,L2,1121,4,4,9,4157.22,1
G11,L1,M9,M6,L1,1122,6,8,13,6480.62,1
G11,L1,M9,M6,L2,1123,6,8,12,5698.16,1
G11,L1,M9,Yok,L1,1124,7,7,12,5318.26,1
G11,L1,M9,Yok,L2,1125,7,7,10,4535.8,1
G11,L1,M10,M6,L1,1126,7,9,14,6680.62,1
G11,L1,M10,M6,L2,1127,7,9,13,5898.16,1
G11,L1,M10,Yok,L1,1128,8,8,13,5518.26,1
G11,L1,M10,Yok,L2,1129,8,8,11,4735.8,1
G11,L1,Yok,Yok,L1,1130,1,1,1,280,1
G11,L1,Yok,Yok,L2,1131,2,2,2,456.96,1
G11,L2,M1,M4,L2,1132,2,4,5,2193.88,1
G11,L2,M1,M5,L2,1133,2,4,5,2193.88,1
G11,L2,M1,M7,L1,1134,2,4,6,2897.12,1
G11,L2,M1,M7,L2,1135,2,4,5,2323.44,1
G11,L2,M1,Yok,L1,1136,2,2,5,2393.6999999999998,1
G11,L2,M1,Yok,L2,1137,2,2,4,1654.68,1
G11,L2,M2,M8,L1,1138,5,7,10,4978.24,1
G11,L2,M2,M8,L2,1139,5,7,12,5824.16,1
G11,L2,M2,Yok,L1,1140,5,5,8,3782.4,1
G11,L2,M2,Yok,L2,1141,5,5,10,4628.32,1
G11,L2,M3,M4,L2,1142,3,4,5,2588.8000000000002,1
G11,L2,M3,M5,L2,1143,3,4,5,2588.8000000000002,1
G11,L2,M3,L1,L1,1144,3,5,6,2948.68,1
G11,L2,M3,M7,L2,1145,3,4,5,2621.48,1
G11,L2,M3,Yok,L1,1146,3,3,5,2422.8200000000002,1
G11,L2,M3,Yok,L2,1147,3,3,4,2049.58,1
G11,L2,M4,M1,L1,1148,2,3,6,2932.92,1
G11,L2,M4,M1,L2,1149,2,3,5,2193.88,1
G11,L2,M4,M3,L1,1150,2,4,6,2962.04,1
G11,L2,M4,M3,L2,1151,2,4,5,2588.8000000000002,1
G11,L2,M5,M1,L1,1152,2,3,6,2932.92,1
G11,L2,M5,M1,L2,1153,2,3,5,2193.88,1
G11,L2,M5,M3,L1,1154,2,4,6,2962.04,1
G11,L2,M5,M3,L2,1155,2,4,5,2588.8000000000002,1
G11,L2,M5,M7,L1,1156,2,4,6,2911.2,1
G11,L2,M5,M7,L2,1157,2,4,5,2337.52,1
G11,L2,M5,Yok,L1,1158,2,2,5,2402.7800000000002,1
G11,L2,M5,Yok,L2,1159,2,2,3,1555.18,1
G11,L2,M6,M9,L1,1160,5,6,12,5741.16,1
G11,L2,M6,M9,L2,1161,5,6,10,4958.72,1
G11,L2,M6,M10,L1,1162,5,7,13,5941.16,1
G11,L2,M6,M10,L2,1163,5,7,11,5158.72,1
G11,L2,M6,Yok,L1,1164,5,5,11,5130.3599999999997,1
G11,L2,M6,Yok,L2,1165,5,5,9,4347.8999999999996,1
G11,L2,L1,M3,L2,1166,4,7,8,3868.1,1
G11,L2,L1,Yok,L1,1167,4,4,5,2401.12,1
G11,L2,M7,M1,L1,1168,3,4,7,3062.46,1
G11,L2,M7,M1,L2,1169,3,4,5,2323.44,1
G11,L2,M7,M3,L1,1170,3,4,6,2994.72,1
G11,L2,M7,M3,L2,1171,3,4,5,2621.48,1
G11,L2,M7,M5,L2,1172,3,4,5,2337.52,1
G11,L2,M7,Yok,L1,1173,3,3,5,2412.08,1
G11,L2,M7,Yok,L2,1174,3,3,4,1838.4,1
G11,L2,M8,M2,L1,1175,6,8,10,4978.24,1
G11,L2,M8,M2,L2,1176,6,8,12,5824.16,1
G11,L2,M8,Yok,L1,1177,6,6,9,4200.22,1
G11,L2,M8,Yok,L2,1178,6,6,11,5046.1400000000003,1
G11,L2,M9,M6,L1,1179,5,6,12,5741.16,1
G11,L2,M9,M6,L2,1180,5,6,10,4958.72,1
G11,L2,M9,Yok,L1,1181,5,5,10,4578.8,1
G11,L2,M9,Yok,L2,1182,5,5,8,3796.36,1
G11,L2,M10,M6,L1,1183,6,7,13,5941.16,1
G11,L2,M10,M6,L2,1184,6,7,11,5158.72,1
G11,L2,M10,Yok,L1,1185,6,6,11,4778.8,1
G11,L2,M10,Yok,L2,1186,6,6,9,3996.36,1
G11,L2,Yok,Yok,L1,1187,2,2,2,456.96,1
G11,L2,Yok,Yok,L2,1188,1,1,1,280,1
G3,L2,M11,Yok,L1,1189,3,5,7,3940,1
G3,L1,M11,Yok,L1,1190,5,7,7,4300,1
G3,L1,M11,Yok,L2,1191,5,7,9,3940,1
G3,L2,M11,Yok,L2,1192,3,5,6,3200,1
G1,L2,M11,Yok,L1,1193,3,5,7,3940,1
G1,L1,M11,Yok,L1,1194,5,7,7,4300,1
G1,L1,M11,Yok,L2,1195,5,7,9,3940,1
G1,L2,M11,Yok,L2,1196,3,5,6,3200,1
